cx,cy,w,h,cls_id,conf,kpt0_x,kpt0_y,kpt0_v,kpt1_x,kpt1_y,kpt1_v,kpt2_x,kpt2_y,kpt2_v,kpt3_x,kpt3_y,kpt3_v,kpt4_x,kpt4_y,kpt4_v,kpt5_x,kpt5_y,kpt5_v,kpt6_x,kpt6_y,kpt6_v,kpt7_x,kpt7_y,kpt7_v,kpt8_x,kpt8_y,kpt8_v,kpt9_x,kpt9_y,kpt9_v,kpt10_x,kpt10_y,kpt10_v,kpt11_x,kpt11_y,kpt11_v,kpt12_x,kpt12_y,kpt12_v,kpt13_x,kpt13_y,kpt13_v,kpt14_x,kpt14_y,kpt14_v
0.156611,0.272868,-0.049323,-0.059796,5,0.403150,-0.062097,-0.002384,0.256536,0.142983,-0.107733,-0.190970,0.480041,0.278532,-0.331084,0.216026,0.065120,0.097042,0.342063,0.196490,0.121721,0.287290,0.255607,0.328967,-0.156313,0.149720,0.009811,0.185849,0.204979,-0.138199,0.434391,0.014643,0.323849,0.366774,0.245106,-0.187754,-0.027013,0.035652,0.077926,-0.066885,0.094440,0.090731,0.220904,0.116752,-0.192706,0.390193,-0.083567,-0.324882,0.040156,-0.050173,0.108350
0.768189,0.357070,-0.152555,0.230909,1,0.745258,-0.478149,0.089526,-0.019870,0.013638,0.062894,-0.576451,0.328997,0.207262,0.111980,0.239682,0.048149,-0.139334,0.480871,-0.242925,-0.089167,0.597216,-0.378487,0.266876,0.070454,0.271633,-0.191701,0.165273,0.021532,0.173044,0.492222,0.333271,0.894848,0.029272,0.262141,-0.247644,0.379185,-0.250897,0.499128,0.226939,0.028687,-0.040225,-0.139547,-0.017503,-0.208152,0.897433,-0.457179,-0.096851,0.187432,0.874834,0.012660
0.625729,0.456109,-0.026155,0.050876,1,0.310794,-0.016315,0.175171,0.094356,-0.015224,0.312302,-0.134513,0.510516,0.098689,-0.117824,0.398722,-0.115096,-0.085805,0.555662,0.140648,-0.179337,0.129135,0.250337,0.128409,0.231305,-0.116597,0.055527,0.148044,0.053200,0.135966,0.458673,0.328754,0.446433,0.003699,0.075457,0.024571,0.561047,-0.460150,-0.056939,0.219683,-0.070735,0.125839,-0.062445,0.470122,-0.416092,0.184075,-0.430876,0.162720,0.351626,0.446869,-0.062612
0.672156,0.691385,-0.018030,0.189555,1,0.466305,-0.097224,-0.049783,0.336143,0.091244,0.197705,-0.296936,0.484939,-0.023992,-0.163335,0.197477,0.307956,-0.022062,0.679860,0.130738,-0.209560,0.233510,-0.074066,0.109516,0.143133,0.100990,0.180361,0.195515,0.387682,-0.081588,0.364156,0.157850,0.354323,0.047022,-0.199787,0.151731,0.248178,-0.342476,0.235721,0.131820,0.187107,0.009968,-0.117507,0.280779,-0.166037,0.450197,-0.359962,0.036452,0.291474,0.276986,0.333126
0.626877,0.576113,0.002754,-0.106402,0,0.342632,0.478533,0.203241,0.125739,0.388995,0.353352,-0.244368,0.061921,0.211984,-0.026640,0.374663,-0.088046,0.089421,0.357370,0.098923,-0.174823,0.400556,0.250874,-0.252558,0.438998,0.207169,-0.062456,0.112558,0.310805,0.485910,0.420142,0.496251,-0.468776,0.765863,0.326479,0.222600,0.682760,0.479154,-0.131573,0.328164,0.046160,0.116398,0.300051,0.291033,-0.130796,0.712671,0.387444,-0.075379,0.223310,0.029748,0.251114
0.559601,0.317910,-0.116481,0.048967,4,0.359459,-0.305878,0.388104,-0.192564,0.561169,0.184226,-0.610572,0.385245,0.467738,-0.078109,0.222802,0.354355,-0.059149,0.146141,-0.144948,-0.032820,0.238819,0.054548,0.398816,0.510505,0.336974,0.124236,-0.142848,0.266524,-0.208806,0.261953,0.068476,0.379642,0.193910,0.105822,0.062326,0.157368,-0.189326,0.136136,0.226284,0.335782,-0.124592,-0.013717,0.090076,-0.097029,-0.033183,-0.071409,-0.308586,-0.197301,0.514162,0.113891
0.830857,0.555773,0.092969,0.267726,2,0.355538,0.508426,0.322875,0.087919,0.503471,0.618239,0.241530,0.513806,-0.116169,-0.238314,-0.043244,0.000150,0.035998,0.619054,0.398942,-0.386364,0.436435,-0.010861,-0.325328,0.211378,0.671794,0.029369,0.388689,0.273853,0.383816,0.398316,0.336173,-0.521988,0.557150,0.240629,0.324844,0.564677,0.233570,-0.039763,0.407269,0.197131,-0.278179,0.451405,0.581038,-0.312511,0.435507,-0.012498,-0.065317,0.654752,-0.005698,0.297581
0.666770,0.541611,-0.296939,-0.350213,0,0.317788,0.564062,0.233030,-0.122221,0.514404,0.821781,-0.002231,0.287830,0.120841,0.537358,0.947578,-0.265452,0.748747,0.830710,0.099682,-0.441152,0.866384,0.461574,-0.505431,0.220546,0.370133,0.233077,-0.062959,-0.084291,0.255837,0.153103,0.732725,-1.375293,1.125160,0.239255,-0.386950,0.928286,0.955596,0.099259,0.049820,0.312420,-0.502185,0.370109,-0.154528,-0.199945,0.819832,1.084227,-0.467816,0.434313,-0.051985,0.400885
0.742775,0.440316,0.138556,-0.019525,2,0.304528,0.795031,0.494048,-0.152433,0.513272,0.715060,0.444578,0.624634,-0.215550,-0.015492,1.094226,0.051140,0.623350,1.202355,0.493231,-0.777965,0.647897,0.568175,-0.355655,0.291942,0.691627,-0.105834,-0.206838,0.620073,0.164416,-0.161910,0.455087,-1.013496,0.408587,0.482606,-0.173882,0.978830,0.985439,0.231004,0.171487,0.760794,-0.261767,0.599489,0.297003,0.196638,0.782834,0.962645,-0.132197,0.704332,0.255767,0.381268
0.316211,0.374780,0.139179,-0.125571,6,0.344786,0.145629,-0.208874,0.066365,0.193289,0.068852,-0.055431,0.571863,0.443766,-0.125678,0.710223,-0.186829,0.050786,0.080408,0.217844,0.323052,0.476846,0.054415,0.151063,0.001778,-0.007785,-0.159366,0.499607,0.023916,-0.138342,0.263481,-0.252693,0.456801,0.283547,0.134229,-0.216320,0.267595,-0.212410,-0.289577,0.233170,-0.139909,0.217871,0.466013,0.373574,-0.486921,0.339429,-0.199322,0.030413,0.014737,-0.023750,0.071094
0.300594,0.212071,0.010444,-0.112768,6,0.331774,0.159664,-0.089535,0.017330,0.212268,0.032832,-0.107433,0.366485,0.273126,0.041583,0.364486,-0.112558,0.168892,0.123435,0.161396,0.086482,0.373292,-0.053069,0.056806,0.065822,0.038449,-0.040075,0.216986,0.173872,0.012277,0.228998,-0.045797,0.301576,0.122730,0.159977,-0.099624,0.202476,-0.123907,-0.236881,0.129531,0.126529,0.112873,0.372080,0.387760,-0.245819,0.313324,-0.404519,0.021700,-0.100196,0.023716,0.031612
0.358668,0.409344,-0.237821,-0.370885,5,0.329235,0.553953,0.537931,-0.096583,0.275251,0.453487,0.016729,0.220557,0.196635,0.318397,0.431629,-0.169656,0.315508,0.719906,0.138872,-0.682070,0.466501,0.375286,-0.021332,0.178151,0.302414,-0.017103,-0.155621,0.331327,0.370540,0.345870,0.544055,-0.733957,0.312528,0.565702,-0.179815,0.823013,0.564395,0.437261,0.189401,0.351022,-0.085080,0.158296,0.099392,-0.306548,0.591626,0.595386,-0.274417,0.236490,0.275831,0.239545
0.653137,0.566195,-0.013763,0.029341,2,0.353411,0.965905,0.509772,0.396613,0.462812,0.800563,0.514685,0.598765,-0.113703,0.290630,0.624641,-0.478040,0.470376,1.290586,0.548530,-0.885501,0.708196,0.587383,-0.218587,0.400333,0.482256,0.021054,-0.094108,0.421753,0.377764,0.100354,0.799380,-1.184080,0.949282,0.236352,-0.125498,1.377357,1.127894,0.436289,0.337139,0.492420,-0.430592,0.359797,0.146502,0.209711,0.818894,0.768294,-0.244686,0.479672,0.301979,0.278764
0.369444,0.590082,-0.220571,-0.150055,1,0.382714,0.923569,0.532620,0.124224,0.753952,0.302391,-0.050028,0.608917,0.275252,0.091840,0.292545,0.071843,0.174275,0.366641,0.106216,-0.541177,0.542367,0.053271,-0.373144,0.514439,0.382956,-0.489418,0.045059,0.346302,0.392443,0.194966,0.409969,-0.597786,0.472611,0.248273,0.237278,0.759113,0.733967,0.338785,0.127076,0.108176,0.168514,0.365954,0.117216,-0.088206,1.040331,0.383312,-0.252337,0.042893,0.123847,0.422403
0.637524,0.684772,-0.017604,-0.058548,2,0.315817,0.993415,0.321367,0.490666,0.505114,0.740288,0.514229,0.410689,-0.108386,0.048652,0.668017,-0.441103,0.647609,1.425180,0.891654,-0.909515,0.479681,0.623414,-0.421071,0.546364,0.683169,0.179672,-0.119337,0.706809,0.530457,0.037974,0.674035,-1.276913,0.892476,0.533282,-0.044627,1.211779,1.149077,0.666569,0.248917,0.342324,-0.264349,0.529705,0.381294,0.340217,0.841957,0.955961,-0.350567,0.623616,0.503952,0.239189
0.738524,0.248693,0.005463,0.151292,2,0.321663,0.594445,0.423370,-0.118118,0.449542,0.717449,0.625674,0.474849,-0.239826,-0.068774,-0.077539,-0.014467,0.088449,0.874280,0.410755,-0.764931,0.598049,-0.050836,-0.275372,-0.005193,0.661655,0.094481,0.197292,0.479356,0.298222,0.192087,0.359648,-0.682679,0.092582,0.333886,0.227475,0.536445,0.371552,0.229322,0.351089,0.533666,-0.413190,0.421903,0.517630,-0.077339,0.177147,-0.017637,-0.096886,0.737710,0.234439,0.174124
0.650309,0.252322,-0.152887,-0.136975,0,0.328100,0.499632,0.352869,0.167402,0.522939,0.239578,0.257359,0.099130,0.219733,0.167346,0.255905,-0.051006,-0.058130,0.314907,0.085548,-0.303163,0.322755,0.342411,-0.075384,0.674834,0.122216,-0.080160,-0.031550,0.306541,0.366169,0.248936,0.452474,-0.371965,0.700042,0.234071,0.258949,0.779481,0.547289,0.093620,0.421084,0.126894,0.150918,0.260625,0.277821,0.241816,0.449860,0.266669,-0.101544,-0.114076,0.405851,0.021507
0.665132,0.322812,-0.155793,-0.299052,0,0.483926,1.164479,0.215593,0.540688,0.587112,0.347678,0.432923,-0.086503,0.144805,-0.138251,0.074788,-0.188950,-0.021596,0.536880,-0.159629,-0.312629,0.302873,0.280320,-0.062922,0.841554,0.078606,0.008337,-0.164602,0.192475,0.525453,-0.080068,0.416456,-0.325645,1.098466,0.246328,0.297085,1.123741,0.956947,-0.003913,0.033679,0.099932,-0.034025,0.103956,0.337382,0.386009,0.585474,0.115747,-0.206040,0.126013,0.278269,0.037374
0.957941,0.344143,0.176807,0.404742,2,0.403668,1.020711,-0.418491,0.506322,0.330778,0.468002,0.479718,0.545878,-0.194436,-0.391478,0.377572,0.375039,0.652332,0.633977,1.087655,-0.114685,1.052180,0.551141,-0.030430,0.010683,0.677908,0.329546,0.289221,0.798612,-0.204655,0.438744,0.307365,-0.260929,0.908103,-0.213965,0.602506,0.475425,0.366725,0.509422,0.124092,0.067294,0.345880,0.744988,0.353903,0.357985,0.497614,0.675092,-0.261120,0.778326,-0.163901,0.445474
0.503670,0.214638,-0.126393,-0.050381,4,0.332119,0.461194,0.188549,0.076219,0.333060,0.374852,-0.134076,0.002261,0.012702,0.193795,0.253231,0.115917,0.225590,0.370442,0.289941,0.025968,-0.059657,0.369385,-0.048918,0.412024,0.267958,-0.033897,0.105176,0.148623,0.183996,0.273447,0.503829,-0.232092,0.503203,0.528805,0.049801,0.648677,0.492783,0.119252,0.337115,0.364453,0.174204,0.323577,0.173460,0.138472,0.189756,0.483034,0.029552,0.177392,0.218093,-0.062531
0.835530,0.487172,-0.296340,-0.195289,1,0.387756,0.868132,0.251612,0.029183,0.846723,0.145167,-0.047198,0.217816,0.402405,0.025051,-0.109503,0.349789,-0.049467,0.014445,0.237538,-0.213421,0.622497,0.055695,-0.208264,0.371665,0.186485,-0.160442,0.097376,0.284798,0.105019,0.402888,0.356483,-0.175854,0.524587,0.255050,0.574734,0.769104,0.417420,0.033046,0.026849,0.087558,0.337539,0.180676,0.395577,-0.002927,0.692256,0.092255,-0.258844,0.193125,0.106232,0.266782
0.371945,0.290296,-0.061706,-0.024671,4,0.331181,0.223795,0.118736,0.108195,0.185563,0.234845,-0.253552,0.121483,0.108569,0.105799,0.101242,0.082742,0.103816,0.194587,0.141051,0.105108,0.059542,0.146823,-0.038875,0.333703,0.032342,-0.106484,0.216369,0.167631,0.076264,0.296767,0.209941,-0.016864,0.260160,0.231474,0.044676,0.101094,0.280449,-0.054905,0.245937,0.336043,-0.101886,0.337216,0.079968,0.153209,0.155333,0.257067,0.067908,0.022050,0.225479,-0.124718
0.669775,0.462074,0.024296,-0.226334,6,0.337561,-0.175486,-0.144140,-0.318677,0.420532,0.189982,-0.182440,0.704710,0.193899,0.105843,0.551832,0.300816,0.125064,0.272714,-0.070836,0.249597,0.796896,0.145423,0.121065,0.211868,0.217685,-0.072888,0.238765,0.333478,0.003878,0.273017,-0.246520,0.114152,0.221184,-0.004391,-0.210800,0.093511,-0.250925,-0.157074,0.035735,0.267970,-0.304374,0.632886,0.350137,-0.327566,0.538432,-0.120066,-0.076278,-0.285774,0.062514,0.132068
0.792020,0.400105,0.045880,-0.216595,6,0.347488,-0.171730,-0.189444,-0.509466,0.450658,0.194505,-0.176328,0.612732,0.255086,0.224600,0.535399,0.281913,0.238454,0.295497,-0.023357,0.256403,0.782477,0.136527,0.009314,0.179039,0.190808,0.098464,0.119187,0.428049,-0.030079,0.225930,-0.094091,0.091069,0.243953,0.088123,-0.134279,0.104866,-0.198867,-0.287972,0.160623,0.355350,-0.255354,0.698624,0.434936,-0.379136,0.454079,-0.191551,0.032192,-0.231159,0.021432,0.160257
0.774781,0.483596,0.089199,-0.197057,6,0.338550,-0.135889,-0.161139,-0.391951,0.543465,0.248950,-0.086066,0.690068,0.228156,0.179527,0.519543,0.355972,0.274668,0.272848,0.004895,0.285988,0.801785,0.214628,0.051147,0.223327,0.182767,0.127274,0.243947,0.412695,-0.065329,0.289921,-0.141133,0.036710,0.149664,0.026808,-0.217889,0.056261,-0.231458,-0.227337,0.136645,0.292577,-0.220597,0.712798,0.452971,-0.305293,0.389577,-0.099535,-0.021661,-0.165420,0.074243,0.142602
0.687615,0.390035,0.024189,-0.318241,6,0.311736,-0.184780,-0.035124,-0.553207,0.527751,0.211580,-0.278513,0.772505,0.250819,0.039836,0.403498,0.337891,0.044073,0.249861,-0.219890,0.265400,0.659550,0.319657,0.158103,0.269732,0.355222,-0.002739,0.204396,0.220401,-0.081005,0.321870,-0.363818,-0.007472,0.105368,0.132273,-0.058719,-0.014476,-0.123284,-0.406533,-0.126217,0.408364,-0.417742,0.701705,0.326708,-0.434321,0.361487,-0.233316,-0.097508,-0.330989,-0.026856,0.039548
0.665620,0.518738,0.067198,-0.370277,6,0.334137,-0.300157,-0.103089,-0.450045,0.554880,0.167863,-0.219133,0.805107,0.292388,0.098099,0.717706,0.387454,0.195875,0.365116,-0.081969,0.222805,0.651758,0.324355,0.058003,0.250846,0.156345,0.145269,0.096810,0.392826,-0.081442,0.356121,-0.257339,-0.050193,0.027925,0.147745,-0.158859,-0.033786,-0.166802,-0.533551,0.006753,0.249310,-0.298652,0.685435,0.531830,-0.433367,0.503928,-0.157379,-0.086647,-0.316252,0.027022,0.186802
0.886093,0.654972,0.243556,-0.243090,6,0.338455,-0.178629,-0.037851,-0.475387,0.427797,0.181458,-0.011069,0.711474,0.074657,0.216150,0.695375,0.230793,0.272986,0.489207,0.164687,0.407439,0.783310,0.243047,-0.028993,0.218326,0.149168,0.318458,0.267127,0.639507,-0.043853,0.338572,-0.215044,-0.053442,0.090533,0.151554,-0.092992,0.017839,-0.182457,-0.277258,0.230268,0.160903,-0.132800,1.012849,0.542691,-0.317296,0.476213,-0.071750,-0.217005,-0.191018,0.008587,0.145141
0.723537,0.542048,0.166563,-0.280816,6,0.310540,-0.087456,0.066472,-0.389116,0.532279,0.075439,-0.378359,0.837323,0.300904,0.003831,0.450171,0.241363,-0.048360,0.323280,-0.116412,0.315071,0.656565,0.407420,0.228447,0.357529,0.254813,0.136309,0.158579,0.331830,-0.213832,0.341899,-0.420350,0.142818,0.119396,0.182874,-0.043519,-0.065454,-0.184015,-0.318753,-0.100725,0.283247,-0.265689,0.784301,0.483188,-0.311278,0.339925,-0.223008,-0.206460,-0.251946,0.039125,0.018127
0.750078,0.575451,-0.000684,-0.061949,6,0.311981,-0.040067,-0.146085,-0.186585,0.304086,0.233884,-0.175091,1.050096,0.242814,0.252617,0.631119,0.243666,0.110617,0.704760,0.056186,0.285189,0.729814,0.262802,0.180329,0.002574,0.102687,0.225038,0.278792,0.321697,-0.350730,0.604538,-0.322913,0.250308,-0.000706,0.274923,-0.145552,0.010028,-0.243613,-0.273852,0.131909,0.180127,-0.291007,0.433651,0.405447,-0.360405,0.255973,-0.067257,-0.077003,0.031403,0.022626,-0.085449
0.837424,0.591474,0.000819,-0.034136,6,0.328369,-0.054604,-0.195897,-0.206673,0.367710,0.428112,-0.074803,0.994399,0.185491,0.303900,0.593822,0.207307,0.214769,0.713604,0.149667,0.202269,0.890619,0.237959,0.092209,0.081674,0.266904,0.149388,0.312709,0.488763,-0.088157,0.525623,-0.200147,0.132439,0.027736,0.161103,-0.161221,0.108408,-0.183695,-0.166044,0.303325,0.392459,-0.431584,0.525819,0.415019,-0.342057,0.274816,-0.223320,-0.097693,-0.129198,-0.030227,-0.015271
0.754064,0.613287,0.049203,-0.180317,6,0.304478,-0.089125,0.001310,-0.420372,0.316614,0.232430,-0.242366,1.042355,0.149842,0.208737,0.553667,0.283752,0.220632,0.703720,0.015082,0.273569,0.818068,0.252959,0.244654,0.028492,0.321995,0.144678,0.289140,0.343617,-0.281521,0.460042,-0.381997,0.113138,-0.029004,0.189388,-0.137640,-0.094593,-0.040617,-0.354373,0.012884,0.490859,-0.436570,0.661957,0.268149,-0.438868,0.228179,-0.182535,-0.212050,-0.103212,-0.054763,-0.178643
0.817689,0.683017,0.071137,-0.158395,6,0.348509,-0.051586,0.190376,-0.399679,0.519003,0.199353,-0.236591,0.999615,0.151902,0.053138,0.532117,0.230967,-0.128430,0.708921,-0.017405,0.207896,0.672445,0.476800,0.328152,0.349479,0.454430,0.196731,0.125975,0.556927,-0.122247,0.492117,-0.432603,0.203284,-0.159446,0.312609,-0.017338,-0.074614,-0.074782,-0.395892,-0.040569,0.423131,-0.410836,0.709482,0.414267,-0.194537,0.217838,-0.306889,-0.273036,-0.358911,0.054724,-0.082440
0.705924,0.378283,-0.075107,-0.107473,6,0.363517,-0.163682,-0.062255,-0.282315,0.286426,0.456078,-0.147694,0.954870,0.042937,-0.093478,0.561084,-0.163878,-0.249208,0.607175,0.073839,0.435481,0.938057,0.360567,0.654289,-0.023534,0.755112,0.089980,0.395793,0.370687,0.183890,0.397280,-0.438512,0.456117,0.273741,0.241237,-0.347405,0.163675,-0.417326,0.094890,0.154445,0.835743,-0.432399,0.710821,0.282961,-0.275208,0.193811,-0.575876,-0.451653,-0.522609,0.195877,0.128361
0.667080,0.780509,-0.157615,0.303222,2,0.320329,0.118793,-0.182470,-0.293729,-0.172880,0.949691,-0.478775,1.135841,-0.544669,-0.576427,0.495056,-0.421303,-0.637174,0.665568,0.182081,0.678296,0.970142,0.634190,0.831562,-0.034611,0.945142,0.032458,1.076782,0.173182,1.021106,0.908709,-0.594171,0.487246,0.469681,0.085742,-0.085687,0.028902,-0.304297,0.142706,0.203091,1.283114,-0.322835,0.613703,0.163697,-0.021004,0.150260,-0.999301,-0.778100,-0.915853,-0.304662,-0.098163
0.858187,0.927385,-0.305029,0.190479,0,0.362954,0.122081,-0.269340,-0.627960,0.099075,1.476565,-0.405395,1.352701,-0.608760,-0.522336,0.884204,-0.734390,-0.360577,0.605988,0.232105,0.710792,1.171450,0.428172,1.173326,-0.118731,1.065736,-0.080594,0.908216,0.507893,1.101975,0.866813,-0.532935,0.787377,0.649911,0.313964,-0.494854,0.291447,-0.516086,0.164601,0.754339,1.626319,-0.463168,0.419626,0.005666,-0.001754,0.180478,-0.744976,-1.108201,-1.273230,-0.305385,0.480028
0.506188,0.347790,-0.074164,-0.018189,3,0.360493,0.407842,-0.104295,-0.112871,0.195595,0.585745,0.303131,0.261820,0.018568,0.117676,0.480086,-0.411226,0.365785,0.621983,0.129389,-0.246923,0.728774,0.281856,-0.248406,0.012664,0.079021,0.289073,0.176610,0.169740,0.143172,0.201597,0.095239,-0.472096,0.300497,0.123371,-0.236338,0.363305,0.249572,0.012648,0.244566,0.227999,-0.464814,0.219666,0.309107,-0.013779,0.134190,0.490647,0.088732,0.477797,0.215858,0.234042
0.723429,0.647828,-0.513958,0.197699,5,0.305928,-0.224499,0.080113,-0.637090,0.816527,0.935724,-0.889449,1.113712,-0.139646,-0.582423,0.780542,-0.317401,-0.064386,0.592985,0.049853,0.391702,0.615081,0.508056,0.939941,-0.076509,0.654752,-0.060066,0.244604,0.314483,0.539325,0.959438,-0.358666,0.453503,0.120914,0.847865,-0.388063,-0.300490,0.004530,-0.143215,0.085250,1.141253,-0.524132,0.022765,0.093935,0.302937,0.258555,-0.207455,-0.804793,-0.699483,-0.005507,0.160990
0.563525,0.668866,-0.534321,0.599638,5,0.741116,0.094196,-0.189986,-0.871948,0.651589,1.039579,-0.877596,1.162645,-0.627119,-0.905962,0.686999,-0.229889,-0.183076,0.537436,0.330006,0.576711,0.927586,0.492315,1.388993,-0.518023,1.089512,-0.198584,0.532246,0.375849,0.803242,0.913388,-0.613756,0.780373,0.389680,0.843477,-0.601357,-0.459890,-0.074937,0.281494,0.138732,1.896721,-0.677791,0.339525,0.050124,0.455966,0.046002,-0.162493,-1.164779,-0.999023,-0.005399,0.485300
0.925585,0.838488,-0.272678,0.646926,0,0.373777,0.333811,-0.056595,-0.811105,0.028785,1.491855,-1.010956,1.402693,-0.498814,-0.601175,1.055224,-0.330187,-0.418675,0.166219,0.300881,0.762548,1.081465,0.424925,1.441135,-0.131730,1.229015,-0.198642,1.009553,0.543333,0.964232,1.115673,-0.586897,0.979743,0.574053,0.343818,-0.244266,-0.068115,-0.362808,0.357895,0.666760,1.913562,-0.192168,0.366598,0.041399,0.135644,-0.248680,-0.384407,-1.326355,-1.107732,-0.259475,0.212502
1.427078,0.974118,-1.017063,1.358596,4,0.339214,0.609989,0.288854,-0.964236,-0.375263,2.046064,-1.818807,2.271971,-0.912303,-1.381877,0.625288,-1.227862,-0.300444,0.454820,1.224129,0.854132,1.381765,1.248674,2.405920,-0.047315,2.185382,-0.204387,1.819400,0.041262,1.644966,1.785920,-1.242364,1.867216,0.450474,0.727066,-0.407188,-0.033821,-0.870091,0.743940,0.316055,3.695868,-0.878457,-0.170559,-0.543025,0.544214,-0.460305,-1.499347,-1.853242,-2.266414,-0.262032,-0.283839
0.430027,0.350189,-0.441701,0.294310,5,0.303695,-0.068203,0.152035,-0.621113,0.552406,0.597449,-0.957287,0.773634,-0.143670,-0.844946,0.427724,0.225505,-0.063551,0.250378,-0.059617,0.403850,0.667986,0.418869,0.940539,0.059951,0.446299,-0.531665,0.469555,0.205338,0.589307,0.786976,-0.372331,0.529542,0.321555,0.480663,-0.105435,-0.179619,-0.015216,-0.216462,-0.003174,1.371060,-0.479167,0.227433,-0.210569,0.179264,0.322879,-0.104138,-0.657109,-0.452500,0.122877,0.103456
0.997620,0.942434,-0.346730,0.468189,0,0.407214,0.023972,-0.036379,-0.504893,0.207900,1.329677,-1.081967,1.285703,-0.299092,-0.722073,0.960610,-0.286029,-0.535565,0.417142,0.271869,0.948095,1.237066,0.503094,1.286478,-0.123226,1.105974,-0.061804,1.356985,0.206578,0.681766,1.173015,-0.956736,0.869928,0.873078,0.220958,-0.217057,0.111359,-0.400343,0.300235,0.580504,1.923388,-0.158529,0.283821,-0.228627,0.049841,-0.000152,-0.496806,-1.395103,-0.966063,0.031131,-0.009438
1.347157,1.005182,-1.088349,1.450227,4,0.361058,0.632367,0.170068,-1.039733,-0.160556,2.265824,-1.944010,2.591104,-1.107505,-1.516147,0.358347,-1.239913,-0.288649,0.413672,1.215924,0.821982,1.438030,1.622338,2.746294,-0.556892,2.121218,-0.234943,1.820023,-0.173027,1.504496,2.099340,-1.274688,1.840278,0.621962,0.768862,-0.433714,-0.205447,-0.581079,0.554380,0.167999,4.158804,-0.997436,-0.364104,-0.732749,0.605012,-0.370290,-1.487119,-2.131598,-2.216915,-0.343054,-0.246044
0.180381,0.714548,-0.212198,-0.120476,0,0.367697,-0.231121,-0.026250,-0.356344,0.394035,0.682883,-0.273238,1.340186,-0.259909,-0.513162,0.817622,0.190809,-0.544997,0.868915,-0.259684,0.640060,0.873245,0.384534,1.044217,-0.264834,0.685050,-0.189098,0.751373,0.210793,0.347394,0.440658,-0.812488,0.067195,0.676975,-0.051095,-0.392165,0.032572,-0.033241,-0.098565,0.096278,1.182271,-0.372769,0.412758,0.019830,-0.281104,0.567517,-0.307883,-0.922020,-0.476385,-0.303458,-0.178101
0.214092,0.736747,-0.256296,-0.160183,0,0.306878,-0.229943,0.036502,-0.463684,0.318570,0.752332,-0.434021,1.317521,-0.223435,-0.503827,0.899653,0.098008,-0.617677,0.724053,-0.195725,0.769463,0.842056,0.394708,0.916304,-0.218580,0.711431,-0.122447,0.854653,0.009919,0.461595,0.513637,-0.915037,-0.013671,0.684493,-0.105378,-0.352249,-0.027916,-0.111287,-0.163575,0.070661,1.397418,-0.468344,0.551092,0.082648,-0.339645,0.608665,-0.515724,-0.992999,-0.740143,-0.363256,-0.166806
0.359498,0.720912,-0.274898,-0.089085,0,0.304620,-0.283531,0.009508,-0.432699,0.296344,0.728948,-0.567998,1.425512,-0.236546,-0.560120,1.210534,0.002047,-0.565396,0.757050,-0.014731,0.902788,1.102051,0.277237,1.039557,-0.103735,0.774736,-0.161986,0.997687,-0.029878,0.521659,0.613864,-0.902311,0.112757,0.789745,-0.087709,-0.379392,0.037849,-0.349463,-0.023953,0.192580,1.550520,-0.332017,0.612804,0.025317,-0.384033,0.723620,-0.465465,-1.137472,-0.858272,-0.296351,-0.116167
0.828256,0.903371,-0.892974,0.694957,5,0.304067,0.088272,-0.231275,-0.975944,0.065859,1.790732,-1.285024,1.888668,-0.592680,-0.962448,0.817148,-0.778467,-0.413995,0.653068,0.632908,0.727873,1.291137,0.823659,1.697983,-0.666658,1.510858,-0.162683,1.372687,-0.001905,1.064300,1.305560,-0.818904,0.947289,0.708421,0.558680,-0.470188,0.054211,-0.422582,0.302493,0.507460,2.715703,-0.658795,0.192962,-0.106363,-0.075996,-0.128771,-1.126884,-1.544358,-1.428791,-0.393954,0.031139
0.833430,0.710743,-1.203012,1.363388,5,0.363395,0.394139,0.068533,-0.964273,-0.378919,2.356065,-1.126118,1.473836,-0.821137,-1.385695,0.262068,-1.546486,-0.096899,0.106527,1.482934,0.967389,1.229531,1.029011,2.408751,-0.688642,1.665165,-0.008042,1.685931,-0.218070,1.561333,1.598291,-1.135719,1.772282,1.340018,0.606217,-1.030823,-0.143719,-0.780481,0.547821,0.463024,3.643662,-0.585861,-0.124121,-0.965879,0.758154,0.005955,-1.328048,-2.084535,-2.263837,-0.598432,0.246679
0.872560,0.094959,-0.185564,0.120265,3,0.301220,0.348556,0.094994,-0.351433,0.589302,0.853301,0.698576,0.273035,-0.168566,0.281602,0.718373,-0.265386,0.664927,0.720165,0.393932,-0.319430,1.278717,0.267067,-0.169621,-0.108375,0.400162,0.582402,0.134832,0.092733,0.018302,0.011696,0.252275,-0.882007,0.942636,0.041696,-0.226398,0.463121,0.713595,0.283284,0.199586,0.344611,-0.364061,0.758127,-0.123651,0.300057,0.249140,0.931377,-0.559147,0.374298,0.182011,0.511907
1.138893,1.123622,-1.306416,1.367454,0,0.324557,0.531841,-0.137256,-0.783151,-0.270717,2.899778,-1.769351,2.482010,-0.992695,-1.560698,0.749474,-1.604417,-0.055577,0.066226,1.555268,1.060766,1.757128,1.390433,2.891180,-0.583459,1.820045,-0.298335,2.100875,-0.299755,1.668208,2.131805,-0.954447,2.150172,0.860293,0.875807,-0.567220,0.007347,-0.808560,1.122408,0.801192,4.088273,-0.790485,-0.153347,-1.077118,0.591253,-0.293277,-1.369639,-2.242182,-2.489443,-0.265097,0.029910
0.839694,1.098695,-1.028921,1.179318,0,0.384852,0.458001,-0.014581,-0.527368,-0.222646,2.725454,-1.152576,2.253086,-1.034798,-1.618891,0.618366,-1.482517,-0.485797,0.321956,1.135671,1.193294,1.571067,1.313843,2.819682,-0.534814,1.919320,-0.214465,1.981337,-0.108067,1.754845,1.797991,-1.287900,2.021547,1.084442,0.357846,-0.668229,0.080213,-0.647667,0.883779,0.491907,3.733177,-0.819079,-0.392282,-1.258017,0.700072,-0.012498,-1.377209,-2.108159,-2.483603,-0.431234,0.020140
0.545891,0.263346,-0.022602,0.050696,3,0.317765,0.412304,0.068895,-0.039663,0.086064,0.700224,0.422658,0.723394,0.125111,0.325796,0.731427,-0.214089,0.545841,0.644953,0.537116,-0.333994,0.812549,0.580699,-0.244274,-0.003635,0.418303,0.252069,0.441471,-0.056171,-0.214991,0.325285,0.167935,-0.738993,0.459035,0.069712,-0.380391,0.343431,0.558748,0.111326,0.275235,0.371385,-0.355436,0.438123,-0.064752,-0.201762,0.143360,0.709717,-0.256067,0.446778,0.086306,0.013886
0.581909,0.408024,-1.112770,1.126661,1,0.460811,0.868254,0.001714,-0.715627,-0.352753,1.986853,-1.113798,2.193908,-0.827339,-0.849844,0.268657,-1.196870,-0.694420,0.603252,1.086659,0.735717,1.100066,1.209247,2.047750,-0.780748,1.571063,-0.508403,1.744670,0.082905,1.433510,1.484549,-0.665479,1.388547,0.865421,0.750363,-0.793226,0.365395,-0.686248,0.628735,0.682780,2.921860,-0.488305,0.106566,-0.136452,0.319071,-0.487717,-1.375685,-1.532728,-1.477576,-0.366031,-0.155791
0.794802,0.466416,-0.693975,0.777039,1,0.332658,0.310729,0.240625,-0.515279,0.043042,1.613755,-0.580174,1.388494,-0.666623,-0.431525,0.451183,-0.741863,-0.686438,0.382306,0.495106,0.795813,1.056555,0.588487,1.540661,0.125713,1.383707,0.010379,1.293162,-0.017670,1.184264,1.009887,-0.717815,0.800424,0.764268,0.159528,-0.567814,0.108947,-0.658680,0.183042,0.594308,2.219971,-0.493431,0.255053,-0.362203,0.308457,0.191277,-1.122177,-1.413751,-1.401211,-0.283628,0.094311
0.664094,0.789424,-0.492439,0.562575,5,0.526000,-0.018713,-0.014358,-0.740895,-0.007892,1.170219,-1.084346,1.758365,-0.455673,-0.940402,0.909890,-0.400318,-0.420813,0.945116,0.399953,0.606519,0.823300,0.777494,1.489455,-0.623344,1.327316,0.095812,1.035495,-0.009806,0.944052,1.236645,-0.924885,0.586335,0.257614,0.431914,-0.175608,-0.206349,-0.212104,0.012303,0.164288,2.194499,-0.429421,0.270925,-0.139847,-0.112458,-0.220834,-1.155044,-1.401887,-1.308997,-0.369020,-0.328059
0.976071,0.436677,-0.338687,0.702376,5,0.300995,0.256514,-0.461606,-0.709167,-0.537929,1.146222,-0.545699,1.517555,-0.462045,-0.743020,0.509946,-0.687678,-0.087509,0.767227,0.577192,0.593570,0.955685,0.919000,1.332475,-0.470807,1.427046,-0.088010,1.062408,0.369974,1.038165,0.980578,-0.875556,0.881705,0.578192,0.628045,-0.750079,0.109132,-0.336695,0.157054,0.418938,2.206132,-0.793965,0.120259,0.033190,0.018709,-0.143456,-1.125513,-1.278922,-1.434280,-0.388620,0.012205
0.497645,0.801899,-0.352057,0.460024,0,0.322532,-0.125345,-0.043357,-0.616039,0.255653,1.077008,-0.953411,1.540675,-0.310260,-0.786798,1.056073,-0.154797,-0.671170,0.575949,0.020310,0.900662,1.083635,0.300715,1.304820,-0.221300,0.994801,-0.019014,1.179355,0.009664,0.975483,1.019462,-0.787536,0.414902,0.950647,-0.092914,-0.236825,0.040060,-0.388626,0.142995,0.305276,1.870145,-0.272922,0.248858,-0.038952,-0.188356,0.287708,-0.633991,-1.255777,-1.072646,-0.324861,-0.131898
0.950345,0.635231,-0.271983,0.468236,0,0.311673,0.000867,-0.257356,-0.501413,-0.161097,0.918229,-0.663621,1.189740,-0.505610,-0.666926,0.436472,-0.329445,-0.326908,0.590267,-0.148325,0.343780,0.812229,0.818323,1.284647,0.098934,1.064489,-0.022933,0.766025,0.387143,1.151888,0.943267,-0.789209,0.677245,0.396557,0.223255,-0.323332,-0.090539,-0.291896,-0.057883,0.269755,1.565858,-0.910072,0.111960,-0.056331,0.107421,0.089647,-0.886778,-0.994094,-1.411233,-0.262157,0.108682
0.933105,0.533721,0.091405,0.285407,5,0.300865,-0.035976,-0.147440,-0.478844,0.002928,0.421677,-0.617147,1.125872,-0.126639,-0.405981,0.526951,-0.024074,-0.035633,0.685726,0.233171,0.418455,0.905482,0.490835,0.804919,-0.059443,0.971205,0.047723,0.659696,0.621095,0.618807,0.622311,-0.693586,0.568648,0.321819,0.220437,-0.339944,-0.110690,-0.284455,-0.127441,-0.079542,1.205760,-0.598081,0.572610,0.121630,-0.159253,0.133042,-0.662434,-0.738251,-0.751779,-0.080790,-0.005615
0.116847,0.228887,0.136345,0.011932,5,0.419347,-0.033768,-0.067682,0.034473,0.098627,0.056705,0.005713,0.428550,-0.047659,-0.407792,0.393151,0.443868,0.235769,0.575116,0.205867,-0.286544,-0.105696,0.158447,0.026812,-0.082787,0.369463,-0.121470,-0.085764,0.600529,-0.027276,-0.035195,-0.129292,0.040217,0.038348,0.236574,-0.020905,-0.151064,0.111458,-0.015525,0.052023,0.311323,-0.135972,0.260220,0.278062,-0.059434,0.444167,0.021110,-0.090612,0.478537,0.275105,0.096567
0.834364,0.703014,0.051437,-0.188967,4,0.349750,0.090140,0.012335,-0.056169,0.599549,0.099221,0.045839,0.626185,0.213248,-0.092942,0.637476,0.295761,0.251450,0.384916,0.161046,0.214365,0.854939,-0.387218,0.264818,-0.097615,0.227117,0.045222,0.024002,0.877790,-0.410644,0.158212,-0.052669,0.457165,0.446381,-0.095388,-0.282433,0.181391,-0.081909,0.854267,-0.041903,0.334494,-0.194949,0.009720,0.208771,0.277240,0.529844,0.667948,-0.380758,0.214366,0.376487,0.706424
0.228180,0.538362,-0.196600,-0.039544,5,0.379895,-0.082152,-0.132651,-0.333062,0.161422,0.433215,-0.256177,1.055147,-0.082744,-0.427535,0.701953,-0.063236,-0.563295,0.695342,-0.177451,0.868943,0.903636,0.074181,0.721253,-0.365425,0.469897,-0.108066,0.949336,0.120072,0.537142,0.685501,-0.291015,0.343135,0.548658,0.339362,-0.434761,-0.240053,0.166861,-0.059149,0.147444,0.743530,-0.200989,0.723775,0.250265,-0.315425,0.485528,-0.482594,-0.864921,-0.379108,-0.445367,-0.223244
1.081117,0.715020,-0.342914,0.638997,5,0.466358,0.107891,-0.037654,-0.605022,-0.017937,0.839551,-0.936940,1.266509,-0.339233,-0.779692,0.489392,-0.510781,0.048878,0.485933,0.237088,0.261297,0.910148,0.749575,1.457446,0.242578,1.167186,-0.101734,0.769153,0.557080,1.088663,1.064124,-0.877247,0.914270,0.420330,0.364673,-0.526040,-0.112867,-0.377319,0.002107,0.133871,1.937222,-0.791523,-0.035784,-0.184643,0.271074,-0.020151,-0.693141,-1.156741,-1.605016,-0.232962,0.080327
0.980590,0.548409,-0.061224,0.557483,5,0.326271,0.041840,-0.202190,-0.612332,-0.183056,0.614066,-0.836575,1.095085,-0.212562,-0.386233,0.471710,-0.081677,-0.117246,0.715540,0.139975,0.143979,0.817601,0.538152,0.970357,-0.132509,1.140669,-0.055686,0.742719,0.740801,0.978454,0.816444,-0.737879,0.611667,0.225155,0.203612,-0.311985,-0.066799,-0.151447,-0.156170,0.179832,1.319047,-0.703153,0.202439,0.070179,0.010515,0.022627,-0.826986,-0.705363,-1.042522,-0.125137,-0.031575
0.781544,0.469568,-0.172510,0.447413,5,0.356396,-0.067027,-0.108942,-0.397580,0.011046,0.535046,-0.622836,0.908237,-0.341498,-0.605578,0.472639,-0.037253,-0.352965,0.663267,-0.126598,0.218667,0.584088,0.447419,1.027544,0.162806,0.881930,-0.007220,0.771045,0.576379,0.963298,1.001788,-0.771689,0.552674,0.267086,0.266427,-0.160590,-0.143606,-0.267942,-0.330410,0.176623,0.994124,-0.494136,0.290263,0.058659,0.095902,0.142889,-0.670829,-0.800675,-1.051055,-0.080420,0.062125
0.669149,0.311121,-0.030387,0.097984,5,0.391105,-0.008568,-0.194267,-0.341132,-0.233761,0.225518,-0.308207,1.022289,-0.023636,-0.318601,0.716157,-0.014432,-0.038008,0.786171,0.045457,0.345636,0.773349,0.319698,0.767653,-0.043698,0.527966,0.015998,0.549836,0.814844,0.637885,0.653877,-0.692533,0.439325,0.236576,0.094346,-0.355464,-0.139950,-0.271820,-0.226186,0.171519,0.892617,-0.528315,0.622587,0.294897,-0.171341,0.228901,-0.650721,-0.662993,-0.708963,-0.144817,0.226263
0.578950,0.267857,-0.088965,0.002619,5,0.410013,0.002971,-0.090309,-0.272527,-0.120015,0.211106,-0.268262,0.947842,0.068513,-0.293623,0.821670,-0.029686,-0.011903,0.577072,-0.061383,0.362002,0.583640,0.250610,0.645855,0.129181,0.459563,-0.004829,0.484136,0.812255,0.628092,0.594873,-0.680407,0.364616,0.146073,0.108458,-0.309167,-0.178007,-0.339998,-0.249539,0.059800,0.850622,-0.495485,0.647610,0.339945,-0.050626,0.191427,-0.506299,-0.512544,-0.729936,-0.112952,0.185979
0.424526,0.616615,0.326253,-0.035279,2,0.379069,0.090226,-0.137377,0.228447,0.142900,0.058538,0.104183,0.781411,0.059005,-0.595582,0.736016,-0.047569,0.275081,0.478194,0.388424,0.254247,0.116337,0.073019,0.635498,0.101594,0.098421,0.054711,0.246241,0.696738,0.325836,0.483447,-0.493250,0.227579,0.136187,-0.086267,-0.026854,0.028057,-0.263752,-0.194719,0.052557,0.161879,-0.021805,0.449705,0.241549,-0.081587,0.316175,-0.053073,-0.464727,-0.249023,-0.008009,0.133424
1.060040,0.610373,-0.114914,0.147795,4,0.315367,-0.134133,0.279320,-0.558700,0.260950,0.712624,-0.838000,0.788478,0.016666,-0.477916,0.994773,0.196305,0.352415,0.337190,0.131207,0.202191,0.695949,-0.150618,0.775199,0.218718,0.624650,-0.190135,0.358354,0.379351,-0.053801,0.441135,-0.286728,0.763519,0.400441,0.407633,-0.466919,-0.056046,-0.233943,0.315646,0.199056,1.145465,-0.278253,0.123799,-0.123799,0.106179,0.465968,0.151865,-0.719399,-0.435035,0.209347,0.291779
1.679859,1.757328,-1.979602,2.036777,3,0.310261,1.047766,0.067839,-1.236699,-0.147831,3.471133,-2.102057,3.612130,-1.479161,-2.256304,0.413935,-2.005988,-0.592443,0.308656,2.011311,1.429739,2.375086,1.879845,3.600920,-0.987379,2.927938,-0.372715,2.732879,-0.464174,1.807256,2.928025,-1.503756,3.088281,0.833598,0.836111,-0.639770,0.192526,-1.293144,1.344549,0.448339,5.642603,-1.278742,-1.197498,-1.038870,0.832713,-0.223019,-2.035042,-2.582008,-3.156443,-0.558099,0.023696
1.230226,0.572779,-0.567352,1.365539,0,0.312550,0.482856,-0.479793,-1.006662,-0.759787,1.661103,-0.966053,1.677427,-0.781909,-0.920770,0.339427,-0.906460,0.032532,0.525964,0.723260,0.511411,1.129174,1.263819,1.949528,-0.461937,1.638564,-0.204246,1.296793,0.199592,1.665025,1.497345,-0.791400,1.323101,0.396516,0.836958,-0.831778,0.020945,-0.205898,0.286227,0.566373,2.767551,-0.893325,-0.240304,-0.293378,0.372342,-0.406500,-1.341279,-1.525554,-2.065740,-0.473470,-0.064981
1.062149,0.568967,-0.075525,0.653695,5,0.313282,-0.125283,-0.217155,-0.716667,-0.175407,0.751556,-0.835633,1.105777,-0.319562,-0.445412,0.439736,-0.136772,-0.078389,0.467932,0.093745,0.230053,0.892716,0.496748,1.028419,-0.071557,1.329877,-0.033949,0.832230,0.620312,0.975483,0.884384,-0.627577,0.652225,0.178576,0.319027,-0.417509,-0.236687,-0.221529,-0.070362,0.237442,1.470082,-0.776558,0.312713,0.051665,0.039850,0.055089,-0.881160,-0.908248,-1.235409,-0.130990,0.131586
0.914247,0.621198,-0.079386,0.499006,5,0.318477,0.061037,-0.204447,-0.377823,-0.154780,0.745293,-0.755282,1.088852,-0.381069,-0.506230,0.617090,-0.076816,-0.163244,0.637023,-0.107572,0.261293,0.688332,0.363697,1.017293,0.053726,1.063141,-0.086688,0.920181,0.657814,1.094224,0.927197,-0.791962,0.592899,0.215800,0.181115,-0.151213,-0.159720,-0.231410,-0.163581,0.322521,1.259355,-0.708362,0.375235,0.100705,-0.014767,0.096084,-0.844256,-0.729144,-1.145164,-0.133630,0.122207
0.686357,0.449005,-0.041478,0.339229,5,0.461246,0.141262,-0.292344,-0.318031,-0.300927,0.472710,-0.343816,1.083073,-0.192860,-0.374189,0.606532,-0.179213,-0.002428,0.821877,0.208170,0.263866,0.749644,0.378049,0.797145,-0.210408,0.786308,-0.037703,0.853498,0.697061,0.711288,0.712599,-0.727668,0.439439,0.198045,0.205095,-0.442783,-0.132449,-0.167569,-0.162645,0.247603,1.054828,-0.626440,0.542730,0.243707,-0.100917,0.089659,-0.804950,-0.712570,-0.824796,-0.423822,0.181046
0.789654,0.417347,-0.055610,0.262967,5,0.408397,0.092498,-0.266770,-0.221058,-0.204968,0.483075,-0.399202,0.942946,-0.077891,-0.289637,0.759795,-0.105360,0.136086,0.634668,0.228069,0.354381,0.764193,0.312282,0.813945,0.030764,0.700099,-0.021840,0.655551,0.901288,0.835269,0.683331,-0.584174,0.535545,0.180904,0.203849,-0.479951,-0.216307,-0.194067,-0.191899,0.275529,1.026010,-0.605500,0.592396,0.284773,0.015340,0.162540,-0.598270,-0.658585,-0.814793,-0.330494,0.285810
0.382697,0.264062,0.062243,-0.046651,1,0.330291,-0.272235,-0.142668,-0.029149,0.335738,-0.033863,-0.135451,0.847364,0.307047,-0.134414,0.478392,0.230915,0.032708,0.780921,0.267799,0.172649,0.846438,0.032422,0.218976,-0.055789,0.037090,0.022311,0.321113,0.585610,-0.229046,0.129031,-0.305358,0.205213,0.504572,0.086680,-0.320889,0.245917,-0.213130,0.361832,0.160463,0.107599,0.031398,0.358022,0.171267,-0.161492,0.533001,0.001802,-0.413483,0.087428,0.027705,0.183109
0.998470,0.410914,-0.128384,0.482653,5,0.373037,-0.040178,-0.353999,-0.556633,-0.372045,0.754940,-0.881737,1.149967,-0.234520,-0.577712,0.785348,-0.381307,-0.176622,0.551526,0.172628,0.261784,0.922970,0.543501,0.854993,-0.110298,1.267335,-0.207626,0.978659,0.504370,0.859353,0.816044,-0.668528,0.689547,0.257379,0.398551,-0.438347,-0.163183,-0.311597,-0.080844,0.279059,1.465087,-0.661362,0.478282,0.167130,-0.009808,0.113660,-0.933792,-0.787810,-1.340773,-0.313396,0.192225
0.846865,0.392561,-0.087808,0.365124,5,0.394447,-0.076589,-0.251788,-0.332203,-0.098990,0.510335,-0.689369,1.181960,-0.191794,-0.570372,0.637745,-0.160156,-0.212708,0.807278,-0.022216,0.409370,0.902574,0.260947,0.884231,0.070802,1.057387,-0.159225,0.850767,0.740971,0.985729,0.943251,-0.572552,0.604430,0.247050,0.213856,-0.290233,-0.051263,-0.381692,-0.145330,0.298824,1.267695,-0.718797,0.358077,0.236910,-0.146571,0.220821,-1.010124,-0.855388,-1.155570,-0.189311,0.153581
0.970210,0.449315,-0.099450,0.341206,5,0.337083,-0.081096,-0.186098,-0.325132,-0.152642,0.702844,-0.562605,1.004563,-0.372765,-0.393611,0.775503,-0.023614,-0.182274,0.663262,-0.125727,0.392350,0.839066,0.161488,1.001070,0.117658,0.961753,-0.075417,0.714460,0.898203,1.113699,0.771003,-0.574881,0.630413,0.181833,0.029237,-0.266645,-0.108974,-0.375629,0.071778,0.415039,1.258763,-0.701187,0.417857,0.131182,0.067033,0.274892,-0.817103,-0.825830,-1.143069,-0.175461,0.301016
0.906889,0.405331,-0.104493,0.313932,0,0.307818,0.036099,-0.238190,-0.318374,-0.117450,0.526602,-0.337987,1.045598,-0.173593,-0.449077,0.842304,0.062149,-0.030998,0.717924,-0.112983,0.471769,0.746062,0.291023,0.966928,0.066989,0.754320,-0.036497,0.582528,0.964439,0.835959,0.773255,-0.539718,0.608795,0.155684,0.053029,-0.312014,-0.097451,-0.325957,-0.140211,0.381984,1.138136,-0.512063,0.386588,0.316567,-0.012859,0.230450,-0.715833,-0.681598,-0.713640,-0.113677,0.327993
0.525117,0.447568,-0.003151,0.119038,1,0.330047,-0.184719,-0.312432,0.004298,-0.143130,0.375661,-0.123631,0.642137,0.038637,-0.517105,0.933187,0.225316,-0.208384,0.544401,-0.165859,0.196770,0.342481,0.202090,0.632945,-0.209891,0.084384,-0.109033,0.651948,0.446821,0.481083,0.538477,-0.410076,0.252563,0.465544,-0.162434,-0.097925,-0.097132,-0.013140,0.072600,0.337987,0.475722,-0.045760,0.441328,0.045504,-0.047432,0.453645,-0.128541,-0.364812,-0.428775,0.083703,0.482371
0.833035,0.229427,-0.397617,0.544007,5,0.301356,-0.126886,-0.557013,-0.132679,0.090731,0.991887,-0.633968,1.074580,0.290117,-0.821071,0.979861,-0.344288,-0.544546,0.514878,0.173622,0.753465,0.562387,0.325158,1.143368,-0.549969,0.571145,0.077611,1.019449,0.005831,0.576906,1.183670,-0.654713,0.818145,1.017123,0.492050,-0.466663,-0.099230,-0.362152,-0.275547,0.543761,0.969624,0.048341,0.351649,0.413235,-0.135059,0.015480,-0.676857,-0.898820,-0.825779,-0.394961,0.089434
0.902649,0.263258,-0.274004,0.180056,0,0.322578,-0.211579,-0.382920,-0.248910,-0.021607,0.634506,-0.598918,0.942741,0.048224,-0.670584,0.810269,-0.221986,-0.376458,0.601928,0.008918,0.535124,0.697684,0.452242,0.988212,0.088279,0.808519,-0.226741,0.946683,0.493203,0.987677,0.922330,-0.714414,0.439700,0.551014,0.198809,-0.508177,-0.033786,-0.303079,-0.297011,0.328150,0.978267,-0.459930,0.607158,0.292082,-0.037134,0.352628,-0.814554,-1.020322,-1.174341,-0.239096,0.316854
0.862848,0.373650,-0.168386,0.126782,0,0.304036,-0.137927,-0.130703,-0.326366,-0.016456,0.469161,-0.469656,0.920588,0.164927,-0.591381,0.958107,0.048837,-0.395230,0.662528,-0.083916,0.615614,0.510617,0.497148,0.989571,0.029010,0.623301,-0.174468,0.944231,0.584130,0.730123,0.835498,-0.735379,0.472044,0.307123,0.207578,-0.419823,-0.038852,-0.090316,-0.529673,0.280327,0.831475,-0.279714,0.603970,0.420055,-0.127716,0.190104,-0.746749,-0.883523,-0.723002,-0.165511,0.076975
1.095467,0.525765,-0.127126,0.150331,0,0.359918,-0.036860,-0.277427,-0.225572,-0.091205,0.716697,-0.343074,0.846700,0.144757,-0.413840,1.051384,-0.039797,-0.216688,0.526496,-0.029873,0.533713,0.542364,0.304185,0.836936,0.117782,0.580693,-0.067707,0.975401,0.841300,0.782534,0.850627,-0.724473,0.460619,0.326678,0.157559,-0.384354,-0.050415,-0.281344,-0.429861,0.517442,0.751978,-0.164106,0.760251,0.512195,-0.014095,0.186474,-0.619280,-0.766175,-0.717136,-0.213566,0.330430
0.907472,0.537855,-0.071224,0.154033,0,0.398084,-0.037230,-0.254567,-0.135434,-0.029024,0.719014,-0.347247,0.611519,0.067286,-0.269153,0.844014,-0.056906,-0.135150,0.378456,0.004935,0.429862,0.516801,0.212391,0.798891,-0.017669,0.474141,-0.025744,0.828652,0.774167,0.836777,0.825467,-0.570959,0.308023,0.375806,0.006511,-0.320470,0.005774,-0.217041,-0.218853,0.522333,0.660000,-0.070069,0.669875,0.295148,0.049231,0.255044,-0.543064,-0.744110,-0.633746,-0.121181,0.337507
0.411757,0.257525,0.278719,-0.156210,6,0.365775,0.298906,-0.240823,-0.011693,0.389578,0.246984,0.181946,-0.166516,0.668311,-0.008964,-0.019678,-0.058422,-0.005676,0.427326,0.298170,0.350408,0.188515,-0.079373,0.193630,0.257526,-0.114413,-0.113363,0.583345,0.688315,-0.392448,0.238229,0.054002,-0.018862,-0.079379,0.319271,0.254628,0.316219,0.624193,0.386784,0.744858,0.173916,0.116970,0.042722,0.292238,0.290814,0.454480,0.173772,-0.519109,-0.076672,0.808215,0.124436
0.136553,0.228361,-0.167534,-0.092944,1,0.623317,-0.037429,0.358584,0.311598,0.231392,-0.132166,0.088026,0.067089,1.199044,0.015996,0.510746,-0.090745,-0.156194,0.194352,0.611859,0.290360,0.233845,0.118911,0.457439,0.056073,0.225164,0.061858,0.173466,0.377259,0.000113,-0.025111,-0.062236,0.966459,0.378086,0.311423,-0.331913,0.389650,0.384583,0.307833,0.695824,0.313851,0.485533,0.586338,-0.106442,0.217153,0.167916,0.323903,-0.240590,0.043807,0.551175,-0.292754
0.795284,0.262866,-0.403413,-0.105882,6,0.437060,0.014682,0.496178,0.107284,0.289993,0.579417,0.040512,0.730612,0.022633,0.562004,0.155644,0.377126,-0.327023,0.341977,0.343377,-0.386088,0.245563,0.196611,0.288927,0.750833,0.145610,-0.087990,0.205298,0.380990,-0.125261,-0.066922,0.810031,0.075080,0.588405,0.107166,-0.202038,0.333413,0.375202,0.295022,0.720577,-0.360892,0.174552,0.607019,0.180231,-0.015713,0.411729,0.439745,0.528199,0.397675,0.255090,0.125041
0.907109,0.468378,0.235586,0.289336,0,0.421533,0.809505,0.722865,0.344968,0.274867,2.038444,-0.266026,0.281442,0.130693,-0.144901,0.206664,1.187127,-0.556167,0.380626,0.707132,-0.193556,0.410892,-0.540490,1.546243,1.610863,0.399288,-0.170832,1.521691,0.622740,-0.201399,1.190111,1.685328,0.348028,0.288472,0.008069,0.044850,0.855047,-0.225674,0.543503,2.002285,0.332752,0.375572,0.716673,1.274462,0.213859,1.261703,1.059930,-0.355260,0.814514,1.131036,0.535239
0.396206,0.747407,0.281317,0.323532,4,0.691696,0.363744,0.904928,-0.597876,0.234345,1.671927,0.781299,1.053727,0.420997,0.899727,-0.260970,1.501461,-0.139642,0.136538,-0.435928,0.449631,0.906243,0.103579,1.803043,2.488557,2.193638,0.589166,2.218370,0.624427,-0.005646,0.908444,2.773744,0.945428,0.574671,-0.011061,0.253175,1.105522,-0.144637,0.180568,2.054797,0.359711,-0.292850,0.712993,0.597075,0.547281,0.431398,1.040931,-0.515977,0.872554,0.885822,0.220213
0.969846,0.714127,0.122790,0.497371,2,0.757486,1.984236,0.697487,0.958838,1.106277,2.615802,0.515463,1.298251,-0.154722,-0.458087,0.373851,1.517572,0.020209,0.973663,0.404233,-0.168873,0.629293,-0.128399,0.983668,1.560694,0.613939,-0.583592,0.398874,1.115693,0.131207,1.175771,1.919259,0.124677,1.100416,0.180090,-0.486610,1.918840,-0.352141,1.186402,1.217583,0.764368,0.342115,1.554227,0.904875,-0.549840,0.875432,0.866204,-0.464893,0.194434,2.023274,0.613163
0.587297,0.591605,0.131145,0.207047,4,0.819675,0.682611,0.750470,0.212879,1.037070,1.249096,0.664657,0.999506,0.013091,-0.220499,0.069274,1.282685,0.479902,0.136500,0.516520,0.099584,0.820308,-0.197841,1.384925,0.807361,1.030677,0.597097,1.481415,0.526272,0.571936,1.190955,2.653158,0.720844,0.938905,0.069870,-0.126552,0.490228,0.240991,0.234817,1.841033,0.481771,-0.391825,0.992450,0.536954,-0.222467,0.556252,0.562067,-0.224657,0.616560,0.450453,0.615077
0.489724,0.548440,0.154220,0.197029,6,0.531700,0.109892,1.053260,0.327429,0.791403,0.592779,0.067900,0.260665,0.077394,0.276555,0.204816,0.901407,-0.078479,0.606747,0.335631,0.291868,0.576919,0.305036,0.617645,0.636635,0.766914,0.456732,1.390936,0.352404,0.092663,0.982439,1.548825,0.505676,0.595626,0.097805,0.501209,0.391468,0.171102,0.027928,1.586458,0.324186,-0.363100,0.188539,0.380808,-0.180162,0.318679,0.657290,0.507802,0.454206,-0.108733,0.268763
0.381264,0.315680,-0.182375,0.164554,1,0.309568,0.036327,-0.021356,0.132401,0.117678,0.145778,-0.057789,0.194998,0.263108,0.301063,-0.168179,0.087017,-0.262748,-0.149249,-0.112970,-0.075356,-0.167086,0.027514,0.127374,0.123707,0.021131,0.044537,0.127818,0.167018,0.194160,0.011138,0.059030,0.217305,0.213832,0.133914,0.026949,0.110206,0.360230,-0.132703,0.372361,-0.192933,-0.073004,0.255246,0.108734,0.030882,0.332215,0.381687,0.151639,0.250785,0.050017,-0.214359
0.576216,0.578322,-0.224044,-0.077585,0,0.328357,0.258867,0.316847,0.000032,0.260373,0.408218,0.263561,0.408645,0.154645,0.459364,0.026225,0.133883,0.069922,0.023064,0.096466,-0.052150,0.095152,0.151665,0.318623,0.813987,-0.165833,-0.301730,0.311449,0.360840,0.249365,0.408982,0.770124,-0.116945,0.095638,-0.290989,-0.042259,0.485571,-0.183305,0.206587,0.470287,0.268620,0.378095,-0.011235,0.331798,-0.066575,0.502396,0.229680,0.140323,0.580972,-0.017424,0.138024
0.362362,0.603346,0.236815,0.215126,6,0.391073,0.508620,0.562595,0.348800,0.352286,0.315499,0.260129,0.399591,0.237913,0.430470,0.333676,0.615431,0.050135,0.414892,0.313829,0.457615,0.486184,0.166573,0.017122,0.543146,0.430547,0.018447,0.465991,-0.005653,0.301276,0.345634,-0.103332,0.156323,0.337767,-0.489482,0.513756,0.489904,0.185351,-0.376542,0.671576,-0.116913,0.267616,0.520658,0.650277,-0.199254,-0.006168,0.111903,-0.364641,0.588720,0.060572,0.194739
0.258691,0.249174,-0.018294,0.140771,2,0.439242,0.208544,0.110351,-0.068748,0.287133,0.616418,0.356834,-0.089451,0.088125,0.189841,0.530213,0.197197,0.204543,0.202286,0.298494,0.037549,0.259053,-0.254706,-0.044027,0.350467,0.116770,0.384208,0.314052,0.316769,0.076440,0.756035,0.026334,0.446624,0.594798,0.281781,0.012975,0.281105,-0.073113,0.472417,0.287678,0.124318,0.513777,0.347583,0.204442,-0.178900,0.469992,0.284017,0.030737,-0.118895,0.216970,-0.052522
0.489289,-0.038784,0.501775,0.169273,3,0.514625,0.173664,0.531405,-0.269171,-0.236483,0.058632,0.389307,0.544041,0.302775,0.487776,0.425753,0.104630,-0.771949,-0.021028,-0.212174,0.188886,0.347974,0.490801,0.176956,0.742099,0.659732,-0.243665,0.394944,0.281983,-0.015485,0.669239,0.668804,0.430678,0.374885,0.356509,-0.058913,0.508787,-0.052751,-0.275932,0.396275,-0.239646,0.177755,0.524296,0.503559,0.219911,0.693861,0.663416,0.114111,0.609036,0.460552,0.101028
0.587254,0.665575,0.421956,0.322578,0,1.533941,1.640651,0.982945,-0.106478,0.451567,0.398360,-0.730400,1.375071,1.456747,-1.319645,2.331612,1.472243,0.411920,0.781345,1.885198,-1.061450,0.547820,2.175751,0.220949,1.400982,-0.518533,-2.449579,0.284495,2.138659,0.038844,1.139892,1.169948,-0.314143,0.750558,0.349810,0.012758,2.170746,0.293096,0.086241,0.020250,1.107958,0.592488,1.568902,1.514206,0.242484,0.790962,1.292430,-0.549462,1.215423,2.057662,1.646497
0.688878,0.490585,-0.452893,0.365456,0,0.305207,0.459162,0.962724,-0.782694,0.855818,0.439076,0.859982,1.142963,1.431656,-0.683601,1.560026,1.168516,0.094093,0.473631,1.030873,0.348045,1.229502,1.229426,0.061903,1.095517,0.007270,-0.592021,0.482258,1.753281,-0.663022,0.929379,1.072453,0.737685,1.154833,1.277436,-0.866599,2.056325,0.549328,0.479420,-0.532381,0.168708,1.163688,1.564132,0.687010,0.114319,0.767031,0.500255,0.106311,2.009814,1.463593,0.095841
-0.341246,0.193958,0.022536,0.346387,1,0.542235,0.540323,-0.508860,0.529420,-0.137986,0.673995,0.026496,0.658533,0.389768,-0.146437,0.161803,0.120758,-0.727611,0.712772,0.402680,0.214755,0.969770,-0.361922,0.063949,0.173903,0.221192,0.062430,0.413271,0.771133,-0.564872,-0.204137,0.333906,0.506080,0.733144,-0.180615,0.242174,0.874392,0.455661,0.706523,0.492624,0.437150,0.092300,0.602568,-0.333050,0.510331,0.704307,0.577209,-0.638485,-0.536030,1.043197,0.017397
0.289985,0.400980,0.041494,0.206664,1,0.329266,0.396116,0.331159,0.220284,0.175857,0.087678,0.220431,0.659963,0.020321,0.105209,-0.103586,0.230780,-0.177203,0.290042,0.297305,0.275472,-0.146913,0.131380,-0.342302,0.418246,0.103596,-0.076359,0.275667,0.448887,-0.191571,0.177047,0.156659,0.226488,0.332678,-0.097422,0.179724,0.579692,0.152221,0.486577,0.283349,0.280165,0.069261,0.112853,0.016438,-0.213910,0.537055,0.794343,-0.292775,0.495233,0.310740,0.113592
0.469173,0.362049,-0.311851,0.488177,0,0.335991,0.822857,0.589093,0.213995,0.375530,0.799011,0.346444,0.484746,-0.025990,0.406262,-0.177975,0.590157,0.215161,0.593589,0.723490,-0.330683,0.392662,-0.075496,0.102941,0.396607,0.084993,0.113896,0.161240,0.679410,0.079553,-0.035190,0.420796,0.182199,0.330930,0.438165,-0.494965,0.250531,-0.028252,0.532363,0.461973,0.236389,-0.128480,-0.218342,0.070786,0.055254,0.252040,0.433956,-0.216665,0.741900,0.453032,0.087029
0.925661,1.137181,0.038402,0.422008,2,0.433607,0.715682,1.493561,-0.051757,1.096033,1.609059,0.281034,-0.043336,1.159783,0.474149,-0.514797,0.462186,0.230377,0.925990,0.828280,-0.357136,0.847950,-0.374293,0.945473,0.890842,1.384852,0.892365,1.402664,0.542077,0.380601,0.398881,1.548648,0.550856,1.007854,0.676188,-0.362918,0.408246,-0.603165,-0.514837,0.454123,0.831851,-0.107107,-0.064935,0.091424,0.928417,0.455783,0.447396,-0.556070,0.079152,0.422295,0.175835
0.946803,1.139712,0.113829,0.565063,6,0.370251,1.565428,0.864809,0.171136,1.637962,1.259821,-0.041634,-0.923288,1.317477,0.656051,-0.536355,0.308743,0.666889,0.855291,0.894222,-0.966392,1.288493,-0.412966,0.747281,0.908252,0.976461,0.894571,1.162849,0.005140,0.331065,1.153726,1.370352,0.271073,1.347625,0.243487,-0.181058,0.578117,-0.411215,-0.158400,0.911839,0.833899,-0.278116,0.529371,0.532566,-0.554820,0.892812,0.278922,-0.890367,0.396127,0.542577,0.082215
0.480133,0.386320,0.123079,0.084634,1,0.399150,0.166318,0.349804,0.329829,0.239838,0.114969,-0.009443,0.505494,-0.076447,0.224581,-0.045844,0.251551,-0.446530,0.103075,0.219175,0.059112,-0.241473,0.262971,-0.136450,0.084145,-0.017710,0.069658,0.367725,0.490452,-0.201518,-0.064855,-0.120548,0.114132,0.236485,-0.045466,0.303561,0.207463,0.571363,-0.103892,0.588386,0.015595,0.152376,0.561857,-0.082178,-0.360825,0.039426,0.300261,0.128879,0.403717,-0.161188,0.211620
0.246509,0.241304,0.036143,0.037782,1,0.300107,0.287854,-0.153153,0.351554,0.461451,0.538008,0.314497,0.748483,0.181062,0.286498,0.294929,0.313411,-0.420450,0.647145,0.594131,-0.342943,0.317388,0.283017,0.028504,0.328699,0.115126,0.043132,0.574243,0.313964,-0.123004,-0.212451,0.274819,0.411967,0.209232,0.230592,-0.057460,0.727047,0.109434,0.114469,0.294726,-0.352305,-0.416527,0.161910,-0.188563,0.425722,-0.330433,0.219906,-0.135825,0.385963,0.240896,-0.005241
0.543539,0.186695,0.003535,-0.005180,4,0.328843,0.724334,0.718360,0.098184,0.272838,0.363934,0.112487,0.142849,0.534867,0.117898,-0.076887,0.172507,0.291521,0.674929,0.325059,0.036311,-0.120819,0.163909,0.404978,0.399793,0.458703,0.245099,0.318913,-0.027437,-0.184427,0.041441,0.749499,0.456791,0.323741,0.210999,0.125015,0.549231,-0.186027,-0.184753,0.038449,0.041290,-0.063621,0.035421,-0.059182,0.457087,-0.000426,-0.005933,0.170882,0.084453,-0.051488,0.222621
0.136227,0.188884,0.032943,0.186410,1,0.477803,0.375801,0.215457,0.010973,-0.004782,0.402682,-0.000213,0.266562,0.343441,-0.197847,0.251282,0.144905,0.259723,0.148262,0.022851,0.210726,0.018584,-0.013804,0.190108,0.139487,-0.000357,-0.085773,0.153705,-0.039682,0.223811,0.233008,0.059248,0.133966,-0.150463,0.502565,-0.157196,-0.038754,0.158744,0.015982,0.155907,0.119880,0.120005,0.084658,0.163834,0.110454,0.116317,0.228946,-0.004161,0.234259,0.127735,-0.071955
0.231949,1.126997,-0.542974,-0.276729,1,0.823804,-0.166434,-0.047994,0.019816,1.014626,0.488424,-0.028929,0.093604,0.907613,0.154164,0.694505,0.683566,-0.182398,-0.046497,0.960118,-0.538997,0.633588,0.645341,-0.194922,0.575513,-0.750216,0.256146,0.283274,0.599351,-0.281506,1.261558,0.803382,-0.286415,0.268182,0.647939,-0.344404,0.721196,0.892586,0.173473,0.477748,0.129464,1.231729,1.039434,0.546363,0.049928,0.902461,0.503927,-0.536357,0.412041,1.009774,-0.052059
0.892832,0.022057,-0.445760,0.153222,3,0.994920,0.654695,0.684687,-0.166134,-0.068176,0.820385,0.599501,1.423307,0.702049,-1.101191,1.168115,1.271604,-1.012049,0.156397,1.013082,-0.750689,1.319867,1.158956,-0.950980,1.072234,-0.406514,-0.796419,-0.253224,2.609057,-0.654361,0.279438,-0.026873,-0.504522,0.731522,1.328098,-1.266544,1.991323,0.715235,0.431301,-0.324623,0.679581,0.449629,0.549975,1.072227,-0.155851,1.163284,0.529047,-0.847281,0.687756,2.488717,-0.128459
1.218524,0.274132,0.802939,0.773544,1,0.909769,0.229795,1.036004,0.419569,1.630064,0.797217,1.072115,1.913077,0.667399,-1.613842,1.555738,1.069513,-0.163948,2.320781,1.734918,-0.302198,2.548928,0.685787,-0.474267,0.307242,0.276133,-0.573901,-0.287243,2.279707,-0.557246,1.619276,0.069515,0.463661,1.158263,1.465176,-1.244793,1.906591,1.100019,1.188759,0.568002,1.427054,0.063804,2.286301,1.068221,0.294832,0.701656,0.225787,0.165811,0.714372,2.216457,1.284539
0.795251,0.068372,0.361622,0.374733,3,0.472585,0.071144,0.669035,-0.796599,0.610501,0.843407,0.117413,0.373571,0.849217,0.411042,0.705650,-0.074805,-0.600866,0.281157,0.791698,-0.745671,0.551540,0.774784,0.437997,1.097728,0.573777,0.693388,0.401432,0.035849,-0.348155,0.513939,0.496984,-0.060461,0.977879,0.195696,-0.466037,0.993272,-0.215239,0.016110,-0.684333,0.245072,0.934165,0.475973,0.593686,0.779966,0.426401,0.127346,-0.157116,0.610454,0.649366,-0.102724
0.314751,0.144527,-0.046845,-0.250132,5,0.549761,0.194721,0.080976,-0.575883,0.697221,0.468530,0.013415,0.194530,1.249824,-0.558097,1.072232,0.405458,0.959285,-0.043699,0.714085,-0.158464,0.305125,0.751077,0.410828,0.466760,0.155064,0.150558,0.837673,0.118416,-0.005512,0.306121,0.601889,-0.087766,0.639730,0.462582,0.006557,1.067119,0.778325,-0.049342,0.937060,1.049549,0.096363,0.260799,0.254909,0.156287,0.468422,0.781885,-0.016090,0.623770,-0.191702,0.854672
0.399160,0.307613,0.068611,0.240285,6,0.360112,0.200016,0.025712,0.035652,0.313956,0.201255,0.369864,0.715571,0.711349,0.050848,0.094025,-0.065409,0.154334,0.026092,-0.049554,0.177873,0.489980,0.313619,-0.319721,0.414702,-0.072670,0.519405,0.500750,0.409657,-0.397529,0.053387,0.377764,0.371069,0.848577,-0.075219,0.249088,0.781464,0.442366,0.101560,0.581118,0.219790,0.393811,0.382785,0.009896,-0.204359,0.698613,0.338556,0.143737,0.423423,-0.001743,0.274591
0.675677,0.617538,0.145053,0.261155,6,0.338220,0.597108,0.779576,-0.052074,0.992399,0.740132,0.323732,0.297923,0.454150,0.393313,0.242972,0.493691,0.052820,0.746914,0.976057,0.189122,0.508172,0.302855,0.124267,0.584392,0.570472,0.294091,0.897004,0.199403,0.367932,0.352419,1.434619,0.087880,0.775348,0.651529,-0.034659,0.428455,-0.084749,-0.528239,0.657986,0.534374,-0.061432,0.235096,0.270457,-0.018515,0.273460,0.691071,0.071168,0.192260,-0.146696,0.534830
0.392809,0.232954,-0.042216,0.107495,1,0.342237,-0.047047,0.264552,0.283636,0.250720,0.259748,-0.027542,0.230637,0.269751,0.441330,0.278854,0.210018,0.402721,0.407504,0.189817,0.017601,0.069854,0.353458,-0.199737,0.360066,0.140044,-0.056783,0.422149,0.555428,0.085041,-0.179086,0.375308,0.150391,0.212176,0.108639,0.139050,0.227101,0.064886,-0.305555,0.332246,0.020679,-0.112960,0.169224,0.049508,0.267071,-0.217299,0.123173,0.183888,0.066628,-0.122424,0.141154
0.300727,0.379315,0.054710,-0.162172,1,0.340943,0.193910,0.354466,0.218626,-0.134744,-0.144354,-0.137177,0.432258,-0.052516,-0.129293,0.277441,0.557789,-0.104389,0.387949,0.042780,0.128808,0.203215,0.244782,-0.178175,0.317183,0.343156,-0.380555,0.059163,0.499061,-0.062907,0.027726,0.146553,-0.176130,0.114254,-0.046830,0.523549,0.198969,0.135918,0.065690,0.068154,0.323102,-0.353358,0.326607,0.091704,0.332291,0.026358,0.335615,-0.029061,0.461952,-0.140438,0.011990
0.425402,0.212127,-0.092930,-0.181499,6,0.438836,0.358859,-0.206663,0.262572,-0.055184,0.329986,0.048730,0.648199,-0.078156,0.526513,0.182357,0.215178,-0.096313,0.163847,-0.046545,0.022512,-0.087588,0.254074,-0.115786,0.689065,0.306164,0.032235,0.552180,0.438386,0.302801,-0.176366,0.290636,-0.158387,0.161278,-0.105946,0.174852,0.262459,0.453955,0.024966,0.581710,-0.084923,-0.286877,0.115249,-0.010443,0.040384,0.354514,0.227437,0.067435,0.375808,0.306115,-0.215024
0.506361,0.425493,0.056836,0.313230,1,0.708018,0.941464,1.159569,0.417211,0.422862,2.060203,0.295703,0.391739,0.036412,0.259637,0.590837,1.018326,-0.132309,0.503280,0.405788,-0.454524,0.122517,-0.346010,1.281404,1.473298,0.912588,-0.028611,0.126436,0.145717,0.054941,0.793146,1.132752,0.270659,1.351595,-0.491350,-0.259263,0.799301,-0.293143,0.583616,0.405291,0.815301,-0.217992,0.725769,0.100891,0.717160,0.413115,-0.156701,-0.674078,0.385080,1.012130,-0.159252
0.794912,0.470134,0.152030,0.336727,1,0.547191,0.365404,0.126154,0.286790,1.134175,0.456982,-0.330491,0.346592,0.660719,-0.022874,0.415924,0.504014,0.030653,0.134827,-0.306503,-0.110971,0.326084,0.074060,0.425311,0.751918,0.571742,0.304003,0.414646,-0.005131,0.024938,0.480670,1.085341,0.031359,0.625855,-0.308438,0.465556,0.581368,0.253113,-0.050378,1.141456,0.772703,-0.111826,0.981264,0.980624,-0.516951,0.500616,0.092363,0.200005,0.509708,-0.023136,0.634001
0.769235,0.044566,0.032538,-0.321401,4,0.356193,0.266720,0.012487,0.263990,-0.176436,0.119816,-0.226791,0.629788,0.180473,0.294962,-0.052989,0.307578,-0.170996,0.351200,0.232146,0.383147,0.640506,0.404474,0.177978,0.613526,0.398884,0.043107,0.236832,0.437223,-0.401774,0.264244,-0.035552,0.034868,0.045482,0.407402,0.078992,0.560163,0.293799,0.291591,0.218736,0.203331,-0.061568,0.235650,-0.181007,0.184660,0.819201,0.532334,-0.000024,0.401915,0.472447,0.227820
0.271836,0.624612,-0.312054,0.119901,1,0.392780,-0.633465,0.030499,-0.530323,0.053158,0.906161,0.388699,0.264528,0.250490,0.375794,0.469193,0.195139,-0.385303,0.069161,0.737689,-0.219464,0.270411,0.485025,0.137422,0.944638,0.510265,0.473357,0.646614,-0.098012,0.335340,0.639807,0.520360,0.693786,0.372885,0.814846,-0.265749,0.371913,0.273162,0.043493,0.079713,-0.253313,0.872620,0.724521,0.741175,-0.097439,0.105177,0.371043,0.030894,0.463762,0.729006,-0.501130
0.258571,0.521495,0.247653,0.048043,2,0.320407,1.269485,0.756109,-0.481874,0.560508,-0.022474,0.271166,0.065314,0.460095,-0.353659,0.689741,0.352029,0.264456,-0.059955,1.020436,-0.553762,0.507823,0.651602,0.417438,0.421195,0.265202,-0.283557,0.356233,0.805968,0.090715,0.609366,0.494117,0.128138,0.879273,-0.007021,-0.513642,1.051676,0.455590,0.058813,-0.150245,0.859386,0.334745,0.275729,0.325186,-0.012158,0.221096,0.524657,-0.909015,0.528048,0.604987,-0.322077
0.468067,0.584358,1.001472,-0.093671,6,1.132102,-1.280903,0.950047,-0.354065,1.586512,0.932072,0.686069,-0.039484,0.982353,-1.214244,1.072107,0.904221,-0.546645,1.024143,1.078953,-1.176837,2.054965,0.684409,-0.564596,0.346628,0.717020,-0.086460,0.911797,1.974758,-0.456635,1.377305,0.795630,0.752776,0.770759,0.502623,-0.162112,1.192551,1.266935,0.003979,0.697188,1.224181,0.293334,1.739043,1.368357,0.434733,0.330125,0.253835,0.882043,1.025372,0.285225,0.667107
0.587559,0.383637,0.246625,0.287091,2,0.499538,0.276159,0.761153,-0.073909,0.773299,0.634292,-0.076778,0.220458,0.201993,-0.260703,0.359751,0.465137,-0.297767,0.104925,0.575810,-0.119246,0.239477,0.016434,0.677391,0.382204,0.501717,0.414977,0.613089,0.008436,0.125585,0.627797,0.542454,0.404599,0.478716,0.372459,-0.515618,0.214306,0.118092,0.314338,-0.405769,0.662282,0.225311,0.678678,0.563982,0.428832,0.577050,0.132981,-0.098012,-0.051557,0.264196,-0.118807
1.141484,0.875261,0.104056,0.141229,0,0.698313,1.230405,0.421932,-0.373510,0.766046,1.075950,-0.768188,0.039811,0.759510,-0.493155,0.835983,0.787056,-0.116394,0.632660,0.931699,-1.267526,0.676331,0.491474,-0.474347,1.013608,0.364975,-0.600470,-0.006252,0.869496,-0.209458,0.185142,-0.233606,-0.564941,1.214795,0.388562,-0.291526,1.418510,0.644528,-0.210325,-0.091026,0.471303,-0.272871,0.394701,0.686280,-0.452000,-0.089431,0.222430,0.160846,0.732589,0.299984,-0.174571
0.050112,0.760304,0.411916,0.529243,1,0.309296,-0.501462,0.065385,-0.259448,0.941892,0.312836,0.556616,0.675651,0.928547,-0.853805,0.780665,-0.136222,-0.587297,0.866218,0.288130,0.234337,1.169590,0.053890,0.840985,0.239824,0.505511,0.191315,0.714505,1.127256,0.093328,0.581057,0.458186,1.097186,0.878008,0.460030,-0.351029,1.366885,0.399571,-0.035713,0.298350,0.552628,0.138405,0.694238,0.060501,0.704603,0.655614,-0.361244,-0.221077,0.292903,1.549168,-0.021173
0.271466,0.189679,0.196312,0.203499,1,0.618555,0.167296,0.566075,-0.111706,0.365475,0.125013,0.512300,0.568640,0.435105,-0.389464,0.606831,0.384536,-0.188571,0.547640,0.712758,-0.049392,0.460068,0.653574,0.022536,0.335914,-0.110148,-0.133250,0.032735,0.536670,-0.493962,0.585096,0.321699,0.511403,0.465678,0.136187,-0.442775,1.243613,-0.125654,0.139591,-0.211743,0.028888,0.204688,0.953297,0.345193,0.157307,0.632776,0.186533,-0.155691,0.850247,0.331571,-0.187579
0.351200,0.227423,-0.165268,-0.017032,6,0.327071,0.450201,0.277356,0.146425,0.344044,0.037505,0.314420,0.302941,0.196906,0.262427,0.414054,0.193901,0.061866,0.406216,0.681653,-0.243499,0.042040,0.469038,0.108873,0.493610,-0.014434,-0.155760,0.510892,0.461415,0.024702,0.262193,0.316207,0.174090,0.142494,0.168585,-0.026981,0.032975,-0.130436,-0.103016,-0.155181,0.183453,0.105425,-0.033015,0.138417,-0.240334,0.185855,0.355852,0.245654,0.225715,0.217408,0.043495
0.430627,0.085443,-0.105260,-0.257927,1,0.343376,0.374281,0.421348,0.495147,-0.219337,-0.180622,-0.163134,0.656452,0.116472,-0.234120,-0.040291,0.113739,-0.253147,0.229332,0.359864,0.293357,0.354814,0.149364,-0.051705,0.059720,0.332950,-0.643855,-0.085751,0.745989,-0.265523,-0.072638,0.092593,-0.031775,-0.010203,-0.213685,0.411232,0.468448,0.271598,0.263256,-0.214325,0.103738,-0.480700,0.225170,0.245425,0.487758,0.460609,0.639486,-0.164982,-0.186330,0.274992,0.035836
0.194099,0.195082,0.047512,-0.120705,4,0.350835,0.599800,0.107736,-0.089575,0.013593,0.123179,-0.031765,0.181840,0.116939,0.110209,0.101308,0.288126,0.294173,0.159942,-0.258069,0.227649,0.188630,0.273624,0.223527,0.418835,-0.023131,-0.140139,-0.049572,0.199965,-0.264554,0.150732,0.312910,-0.023187,-0.131885,-0.051210,0.024631,0.191806,0.073465,0.166898,0.046255,0.159638,0.072696,0.214184,0.046903,0.297273,0.149204,0.431207,0.073240,0.569752,0.262695,0.084977
0.317988,0.286916,0.121733,-0.083966,1,0.486192,0.341445,0.485718,0.332341,0.283638,0.310770,0.099101,0.375502,0.258743,-0.050435,-0.016178,1.013523,0.327444,-0.123122,0.433114,0.154235,0.213963,0.255264,-0.165367,0.558890,0.375230,0.124109,-0.173677,0.257483,0.156772,0.245996,-0.235118,-0.329823,0.333827,-0.088508,-0.177622,0.377023,0.050575,0.169566,0.601013,0.587234,-0.151667,-0.119288,0.263105,0.237687,0.419764,0.985058,-0.479190,0.224835,0.138107,-0.260068
-0.097679,0.480259,-0.146637,0.068473,1,0.878028,-0.337994,-0.018271,-0.087070,0.179345,0.305677,0.280201,0.178280,0.350140,0.228321,0.402517,0.260185,-0.021288,0.014942,0.233164,-0.076436,0.202905,-0.216531,-0.158126,0.261676,0.195395,0.546357,-0.251296,0.135309,0.446689,0.501600,0.388162,0.739966,0.503550,-0.265126,-0.301565,0.578024,0.368027,0.029581,0.635429,0.468843,0.514455,0.347005,-0.089544,0.058907,0.131607,0.346320,-0.230273,0.045565,0.479373,-0.790974
0.217341,0.639237,0.059847,0.349077,1,0.425903,0.002821,0.111093,-0.424760,0.507532,0.732226,-0.098204,0.478073,0.518528,-0.617281,0.577933,0.013863,-0.278384,0.592511,0.820901,-0.102239,0.596759,0.506140,0.360560,0.567221,0.471333,-0.120863,0.503881,0.413993,0.259971,0.113893,0.448237,0.353990,0.588761,0.780973,-0.628304,0.449786,0.640028,-0.085059,-0.465829,0.233770,-0.049276,0.581007,0.135451,0.006404,0.056361,-0.280775,0.124118,0.275300,0.889332,0.088938
0.456142,0.387310,0.021778,0.223864,2,0.309896,0.433372,0.230165,-0.205728,0.293576,0.296651,-0.056015,-0.109665,0.626372,0.179216,0.081965,0.299481,0.192622,0.132646,0.178803,-0.128561,0.565934,0.265078,-0.157117,0.195169,0.547294,0.163292,0.106016,0.451220,-0.100386,0.305678,0.191440,-0.097481,0.701967,0.172519,0.299481,0.259241,0.218650,0.127726,-0.202962,0.192630,0.227887,0.260029,0.260069,0.021986,0.441272,0.059464,-0.146653,0.308955,0.109542,0.070956
0.431139,0.465906,0.203117,-0.081194,1,0.360919,0.242665,0.286700,0.014910,0.609958,0.498110,0.105425,-0.199915,0.780683,-0.409177,0.244894,0.086965,-0.005522,0.478592,0.551559,-0.137921,0.462054,0.366169,-0.232974,-0.021546,0.130028,0.339165,0.642136,0.094430,-0.204905,0.342321,0.157977,-0.008584,0.072054,0.308244,-0.099921,0.132647,0.234810,-0.229126,0.321184,0.721384,-0.150954,0.461320,0.266736,0.018657,0.208723,0.041593,-0.042299,0.217764,0.192677,0.144556
0.353447,0.313633,0.015351,0.101992,1,0.425604,0.003291,0.162186,-0.029087,0.042934,0.103121,-0.124917,0.068855,0.418553,-0.109974,0.261134,0.153273,0.056367,0.384096,0.254771,-0.072854,0.097989,0.231208,-0.063144,0.131882,0.158396,-0.190133,-0.042478,0.265344,0.140179,0.276567,0.108414,-0.062580,-0.167382,0.477968,0.027615,0.280162,0.350205,0.122202,0.163270,0.306516,-0.102530,0.090579,0.284298,0.458852,0.005260,0.437452,-0.196374,0.062380,0.225413,-0.310511
0.372311,0.222185,0.267554,0.173030,6,0.537244,0.168712,0.624109,-0.099944,0.365866,0.337005,-0.105292,0.063725,0.340956,0.456807,0.413116,0.320038,0.257531,0.315887,0.489973,0.447656,0.278194,0.041933,-0.015345,0.596622,0.311617,0.240784,0.648603,0.569868,-0.516516,0.140154,0.205991,-0.275897,0.488609,-0.124384,0.269585,0.534467,0.497045,-0.175710,0.970380,0.133679,0.272134,0.094984,-0.123300,0.450210,-0.108139,0.410376,-0.265143,0.258732,0.346339,0.065167
0.197370,0.724788,0.729621,0.049279,2,0.688834,-0.166498,1.299122,-0.160199,-0.383089,0.451411,-0.235207,-0.827744,1.464320,0.706864,0.602824,0.624481,-0.113020,0.948212,0.793171,-0.262233,0.824058,0.784106,0.288134,1.799600,0.718513,0.181596,1.704580,0.152836,-0.986488,-0.358290,0.190729,0.538034,0.963771,-0.063956,0.136703,1.671067,-0.235951,-0.709060,0.914952,0.304794,0.529066,0.190030,-0.408725,1.252316,0.315346,0.011094,-0.363132,0.872773,1.176859,-0.729392
0.455210,0.454630,0.204524,0.247849,1,0.301094,0.703483,-0.186252,0.139525,-0.343238,0.413128,0.323153,0.900782,0.228836,-0.308097,0.361535,-0.238498,-0.148063,0.683700,0.343313,0.156484,-0.184845,0.621780,-0.223391,0.262331,-0.022395,0.060275,-0.161126,0.212469,-0.271155,-0.084895,0.566135,0.018813,0.368922,-0.180803,0.387786,0.685228,0.128260,0.239707,0.163217,0.151287,-0.230440,0.119188,-0.269570,-0.457109,0.177386,0.825058,-0.401131,-0.248443,0.935310,0.396559
0.724252,0.662574,0.561429,0.380687,1,0.538805,0.339178,1.308737,0.525117,0.531080,0.236126,1.086312,0.578586,0.317603,0.268000,0.657095,0.660681,0.196162,1.767156,0.877276,-0.357505,0.231782,0.863998,0.112850,0.768080,0.434904,-0.453151,-0.040595,0.799407,-0.287907,0.690213,0.328550,0.475036,0.408013,0.190436,-0.083028,0.918046,0.031579,0.505118,0.532541,0.942095,0.806537,1.210400,0.949144,-0.118643,0.266454,0.665179,0.444056,-0.317494,1.338744,1.261589
0.160286,0.365820,0.093430,-0.239428,2,0.444672,0.628411,0.652613,0.123667,0.391711,0.113387,0.262560,0.126070,0.243653,0.315366,0.377895,0.233501,0.088464,-0.056419,0.202151,0.255949,0.569916,0.195152,0.373215,0.338539,0.166699,0.155813,0.587047,-0.217183,-0.189595,0.595301,0.437353,0.074873,0.392428,0.337048,-0.286694,0.458504,0.226343,0.081544,0.383765,0.316017,0.315868,0.215130,0.054393,0.207327,0.537537,0.242842,-0.190381,0.449419,0.355699,-0.365332
0.378958,0.243765,0.149198,0.063762,1,0.472855,0.391998,0.473711,-0.057857,-0.075133,0.401541,-0.263390,0.369331,-0.028242,0.020113,0.305505,0.434461,0.184242,0.194468,-0.118639,0.400067,0.494744,0.027218,-0.121053,0.364717,0.190125,-0.061573,0.290659,0.087165,0.003247,0.335681,0.217437,-0.107287,0.032055,0.245567,0.033441,-0.113783,0.276233,0.182420,0.155185,0.006405,0.174122,0.352934,0.226266,-0.004177,0.337978,0.079388,-0.041063,0.309904,-0.058116,0.017436
0.649544,0.798410,0.169125,0.363185,2,0.301472,0.740945,0.147860,0.044266,1.224895,-0.032229,0.321367,0.629327,0.232693,0.157433,0.896970,0.439514,0.164343,0.861304,0.449431,0.422886,0.458240,0.123566,-0.534457,0.902427,0.313537,-0.594794,-0.440727,0.173264,-0.058278,0.256499,0.595579,-0.352872,0.560338,0.371755,-0.838848,0.413644,0.068822,-0.058892,0.605230,0.495851,0.059999,0.537934,0.550629,-0.639001,0.108816,-0.050685,-0.093452,0.013804,1.040076,-0.215943
0.416273,0.476302,0.166082,0.179690,5,0.346259,0.497520,-0.060199,0.092767,0.437727,0.687839,-0.113481,0.223139,0.743291,0.388111,-0.094017,0.429052,0.159108,-0.044838,-0.018077,0.034695,0.425833,0.141934,0.107679,0.430009,0.536652,0.575620,0.541753,-0.006670,-0.407328,0.226874,0.636486,-0.050271,0.510302,0.023026,0.266356,0.089844,0.507457,-0.376576,0.724542,0.365199,-0.115727,0.700357,0.178690,-0.294277,0.280121,0.031713,-0.190486,0.731947,-0.033864,0.253881
0.502533,0.199205,0.075383,-0.094788,1,0.334746,0.542660,0.559969,0.006170,-0.054302,0.213501,-0.040725,0.213626,0.282018,0.097531,0.226220,0.364647,0.185447,0.164937,0.052210,0.219330,0.379974,0.017979,0.018747,0.584536,0.614790,0.002522,0.322246,0.275233,-0.124471,0.131937,0.284933,-0.142753,0.261782,0.340696,0.348022,0.292428,0.091392,0.211414,-0.017165,0.283015,0.299541,0.317419,0.284511,0.363506,0.441317,0.113178,-0.093156,0.526700,-0.043221,0.223843
0.719759,0.462143,0.362471,0.299324,2,0.659576,0.501846,0.576343,-0.411039,0.315907,0.640802,-0.326724,-0.655474,1.021506,0.216463,1.148952,0.223955,0.139121,0.860499,0.711244,-0.261706,0.369553,-0.037048,0.429984,0.868812,0.475561,0.695707,0.293108,-0.196164,-0.736068,0.231109,0.267596,0.105995,0.722438,0.256379,-0.006669,0.753944,0.038480,-0.184286,0.780635,0.274711,0.453647,0.135633,0.343415,-0.312961,0.779074,-0.114392,0.027617,0.958682,0.875251,-0.100480
0.578910,0.366025,0.314171,0.066049,4,0.328731,0.317606,-0.024652,-0.308348,-0.155319,0.525891,-0.113899,0.353372,0.189007,0.527642,0.443944,0.018642,-0.193980,0.078370,0.143348,-0.086571,0.128636,0.643274,0.485983,0.550875,0.329116,0.306303,0.439410,-0.382160,-0.423625,0.335247,0.328256,0.401908,0.343228,0.360764,-0.644840,0.309328,0.155505,-0.191510,0.346562,0.069162,0.052544,0.411672,0.263583,-0.297155,0.212171,0.568682,-0.302442,0.748026,0.294743,0.303031
0.192875,0.102041,-0.128377,0.464899,2,0.575943,0.476574,0.379736,-0.207062,-0.293152,0.806933,0.218366,-0.082988,0.405288,0.270928,0.773025,0.323412,0.437692,0.472614,0.250527,0.088431,0.292284,0.360816,-0.034255,0.658486,0.558221,0.456633,0.820406,0.153492,-0.221861,0.183329,0.728519,-0.009582,0.953997,0.657150,-0.062591,0.592235,0.574609,0.164078,0.854007,0.292648,0.306987,0.336650,0.592699,-0.248262,0.888716,0.053500,-0.188081,0.415163,0.367232,0.075196
0.190415,0.494829,0.051032,0.167753,2,0.623291,0.848321,1.638588,-1.347141,0.662730,-0.018154,0.352437,1.019070,0.385823,-0.561510,2.373037,0.673400,-0.089114,0.426903,0.485627,0.256629,1.813393,1.076164,-0.123670,1.262133,1.390473,-0.596641,1.159271,1.512667,0.569553,0.569750,1.079031,-0.130434,1.231496,0.098316,-0.371452,1.231995,0.532181,0.352498,0.286375,0.686386,1.032792,1.390004,0.842528,0.400565,0.116100,0.372171,-0.433855,2.159107,0.400902,0.083101
0.866258,0.419144,0.019541,0.103227,2,0.534941,0.836051,1.045885,0.169134,0.783081,1.505982,-0.412546,-0.358479,0.821577,-0.544547,1.011702,0.736707,-0.219390,1.027354,1.204117,-0.695252,0.366169,0.201660,0.732631,0.475354,0.889135,0.348878,0.339584,0.032080,-0.995905,0.562174,0.605635,0.230549,0.732117,1.182381,-0.475324,1.421207,0.044970,-0.042153,0.044906,1.118128,0.126442,0.732480,0.807108,-0.016271,0.776705,0.156015,-0.104718,0.209129,1.190743,0.021667
0.299548,0.346329,0.006765,-0.291999,1,0.564837,1.239235,0.761284,-0.044940,0.035942,0.082559,-0.337301,0.429321,0.389948,-0.520690,0.977250,1.027692,0.415823,-0.113673,-0.238127,0.056205,0.194015,0.638678,0.318751,0.257071,0.153161,-0.234887,0.053863,0.648977,0.430676,0.919362,0.626517,0.224753,0.029630,-0.227162,0.723873,0.675682,0.161463,0.595764,0.036995,0.537459,0.289642,0.757367,0.791829,-0.286099,0.532537,0.707176,-0.294532,0.749964,0.050337,0.397266
0.038466,0.380354,0.140074,0.120535,5,0.623964,-0.162822,-0.234350,0.048732,0.612631,0.444185,0.594945,0.731790,0.190506,-0.460176,0.381754,0.200244,-0.031008,0.415995,-0.096351,0.235430,0.477297,0.172066,-0.064045,-0.013911,0.238888,0.273176,0.290257,0.760720,0.135451,0.285300,0.454328,0.044263,0.458664,0.068533,0.138495,0.754890,0.378292,-0.173869,0.662038,0.247045,-0.007855,0.196883,0.005625,0.111670,0.552905,-0.214547,0.012030,0.257426,0.477061,0.083679
0.393865,0.270697,0.011811,0.268332,1,0.317768,0.415950,0.278338,0.434876,0.333801,0.051688,0.103214,0.530232,0.013682,0.064395,-0.106575,0.019044,-0.187217,0.321414,0.364004,0.376107,0.131732,0.064431,-0.135046,0.223126,-0.046487,-0.049758,-0.086476,0.069480,-0.264627,0.099166,-0.088148,0.003966,0.093699,-0.001768,0.103170,0.304255,-0.032596,0.023122,0.063696,0.257278,-0.097383,0.147783,0.248965,0.111533,0.228064,0.430611,-0.130846,0.042356,0.164084,0.153754
0.505325,0.210926,-0.003983,0.111840,1,0.491748,0.486611,0.278405,0.081190,0.075004,0.038232,0.059575,0.561919,-0.069512,0.274397,0.040515,0.338504,-0.241753,0.272700,0.487007,-0.120111,0.143656,0.275766,0.068289,0.153054,0.093792,0.024361,0.112804,-0.011784,-0.218940,0.155977,0.140680,0.043361,-0.022896,0.116772,0.019637,0.210855,0.062229,-0.089572,-0.063934,0.072720,-0.416908,0.073142,0.242415,0.004917,0.250384,0.405245,0.007840,0.154224,-0.134258,-0.075671
0.287544,0.464659,0.086328,0.814113,1,0.653559,0.857416,0.717873,0.576110,0.270809,0.632882,0.398988,0.695499,0.098069,0.527796,0.159540,0.567599,0.228098,0.499407,0.541660,0.368955,0.204271,-0.054652,0.246314,0.063454,0.106409,-0.063223,-0.098034,-0.289955,-0.251815,0.257416,-0.140095,0.515631,0.098380,-0.008781,-0.226390,-0.016469,-0.083449,-0.202004,0.155981,0.477258,-0.054742,0.335331,0.437376,0.162661,-0.106292,0.304011,-0.752679,0.005810,0.025098,0.104581
0.318518,0.424240,-0.019892,-0.097347,3,0.347501,1.011488,0.619782,0.458684,0.843063,0.916874,0.143920,-0.186051,0.331843,-0.177731,-0.139288,0.497803,-0.418226,0.506305,0.398129,-0.399890,0.893152,-0.039150,0.324602,0.072722,0.581615,0.664348,0.653632,0.350508,0.113416,0.899015,0.431400,0.405918,0.395920,-0.186240,-0.161905,0.949008,-0.704644,-0.298179,-0.431374,0.428834,0.246952,0.377718,0.091109,0.121617,0.406203,-0.234837,-0.019945,-0.079854,0.282428,0.027671
0.114013,0.224332,0.036629,0.058716,1,0.444167,0.191114,0.015633,-0.228240,0.625122,0.437632,0.165105,0.105145,0.554057,-0.441152,0.358630,-0.114311,0.013232,0.362525,0.466098,-0.290388,0.323945,-0.001895,0.442325,0.075368,0.386421,0.089538,0.353318,0.213205,0.094050,0.312361,0.586754,0.570862,0.520386,0.555898,-0.645971,0.346598,0.395907,0.105711,0.216657,0.557327,-0.162061,0.394217,0.218062,-0.111524,0.484262,0.308147,-0.104549,0.313253,0.620878,0.238429
-0.005052,0.546503,-0.172453,-0.000417,4,0.335092,0.592760,0.945656,0.646046,1.043541,0.224466,-0.134189,-0.029324,0.128297,-0.248544,-0.185495,0.730930,0.270891,0.364986,0.304773,-0.143711,0.642159,-0.157230,0.723181,0.008077,0.511299,-0.088187,0.441417,0.088839,0.340639,0.691785,1.049258,0.256082,0.372274,0.250007,-0.223321,0.484397,0.240949,-0.125192,0.420179,0.785336,0.170611,0.689521,0.235002,0.463331,0.278960,0.545957,-0.224638,0.106681,0.231713,0.261812
0.324100,0.465200,0.163618,-0.006524,1,0.438075,0.388531,-0.090552,0.100478,-0.036697,0.343489,-0.157711,0.236009,0.355332,0.003608,-0.101521,0.217643,-0.185077,0.051837,0.300662,0.127412,0.259662,0.314608,0.045880,0.065636,0.147890,0.153530,0.032075,0.288639,-0.038653,0.141540,-0.061521,-0.011732,0.345159,0.295296,-0.014261,0.433902,0.197353,0.098465,0.077410,0.042443,-0.103867,0.146862,0.246080,-0.125635,0.465611,0.345854,-0.313356,0.015146,0.122617,-0.009553
0.396510,0.422119,-0.144118,-0.123720,1,0.502129,0.538991,-0.003162,0.559122,0.507541,0.576753,0.130504,0.480269,0.262033,-0.316689,0.017646,0.372244,-0.213157,0.370193,0.083839,0.264315,-0.126181,0.248371,-0.246799,0.034945,-0.214062,0.001604,0.271707,0.338496,0.076292,-0.170388,0.101243,0.165064,0.144515,0.484904,0.250340,0.435718,0.546499,0.320833,0.745732,-0.149372,-0.397610,0.459706,0.241705,0.132023,0.166793,0.075176,0.012598,0.597283,-0.072873,-0.218790
0.180157,0.185316,0.043999,0.092246,5,0.332265,0.278084,0.091651,-0.350605,0.218382,0.344222,0.067475,0.263406,0.433167,-0.298608,0.490090,0.002962,0.170436,-0.063140,-0.154200,0.055429,0.384971,0.137715,-0.250726,0.209960,0.148383,0.193340,0.433080,-0.132746,0.118808,0.552641,0.198987,-0.162464,-0.013515,0.441190,0.101740,0.156839,0.287044,-0.128322,0.074878,0.234596,0.223009,0.357047,0.385147,-0.254099,0.464817,-0.122795,0.057944,0.564491,-0.024094,0.250083
0.547485,0.176802,-0.093699,0.344827,1,0.410086,0.782272,0.145125,0.015716,-0.142173,0.696911,0.093415,0.561131,0.009465,0.357357,0.235250,0.335020,0.018745,0.346215,0.322203,0.476432,-0.211443,0.122459,-0.257072,0.427912,-0.082560,-0.053062,0.490693,0.072052,-0.034282,-0.189164,0.127613,0.131147,0.362678,0.337637,0.276988,0.357211,0.268180,0.051139,0.505329,0.136918,0.067437,0.126513,0.294121,-0.192581,-0.275921,0.097328,-0.181154,0.458276,0.155148,0.110024
0.418303,0.250249,-0.056732,0.282155,1,0.548941,0.649958,0.386001,-0.400139,0.306156,1.020702,0.040521,-0.042512,1.012482,0.118351,-0.077125,0.664981,0.340362,0.679697,0.179841,0.177019,0.275321,-0.039979,0.790438,0.669164,0.362110,0.198192,0.877424,0.323907,-0.003927,0.453534,0.415081,0.697293,0.217980,0.793099,-0.262136,0.159051,0.589020,0.468410,0.374502,0.998829,0.381687,0.928915,0.132376,0.555525,0.043873,0.153759,-0.520209,0.341246,0.613776,0.262469
0.647456,0.403774,-0.272451,-0.041331,6,0.336222,0.437392,0.218228,0.020200,0.459185,0.193392,0.695732,0.552393,0.874519,0.690763,0.110079,-0.148713,0.056628,0.218171,0.238760,-0.381398,0.224325,0.487098,0.329181,1.072431,0.451811,-0.453955,0.887056,0.714702,-0.287039,-0.461368,-0.055314,0.294262,0.489769,0.084048,0.139647,0.534750,-0.002514,-0.013150,0.692598,-0.106001,0.334074,0.821943,-0.016707,0.178677,-0.003523,0.022104,0.020127,0.769292,0.488737,0.368237
0.439819,0.185608,0.334484,0.004046,1,0.528505,-0.037978,-0.043264,-0.324762,0.477001,0.222133,0.577314,0.665290,0.808086,-0.488946,0.375304,0.039001,0.198069,0.636568,0.498680,0.051076,0.980922,0.429153,-0.124461,0.216408,0.316533,0.019891,0.512968,0.905204,-0.099135,-0.000589,0.432753,0.001922,0.607542,0.607223,-0.060756,0.806344,0.123545,0.047155,-0.106523,0.542217,-0.222957,0.392589,0.082650,0.272548,0.537841,0.178839,0.061208,0.445696,0.389254,0.327705
0.327505,0.326028,0.136890,0.238846,4,0.322677,0.079402,0.231121,0.094144,0.080621,0.460627,0.049805,0.183861,0.201907,0.377343,0.262900,0.050454,-0.044545,0.216428,0.060589,0.125094,0.221289,0.055794,0.131915,0.298846,0.321937,0.103866,0.333552,-0.118858,0.024744,0.344546,0.278196,0.277958,0.094035,0.010295,-0.027163,-0.017540,0.105454,-0.104942,0.229227,-0.017279,0.108374,0.330829,0.200537,0.050024,0.177194,0.100998,0.106302,0.390227,0.030778,-0.065916
0.363353,0.349854,0.034551,0.114703,1,0.307359,0.324330,-0.068044,0.372980,0.627603,-0.069816,-0.175178,-0.035156,0.071311,-0.079285,0.165630,0.090925,-0.086985,0.279712,0.263913,-0.117554,0.331915,0.096926,-0.204689,0.311595,-0.006585,0.117071,0.151636,0.163474,0.088238,0.293874,0.368963,-0.146448,0.502161,0.420316,0.025643,0.540769,0.196013,-0.136863,0.327139,0.059119,-0.064935,0.488394,0.181954,-0.467037,0.547001,0.328363,-0.017748,-0.184945,0.286231,-0.192006
0.383205,0.424081,0.065791,0.430452,4,0.321608,0.617508,0.210633,0.301602,0.229710,0.672981,0.343909,1.041807,-0.238401,0.598140,0.366118,0.550047,0.279061,0.351276,0.081970,0.527189,0.049906,0.401445,-0.547240,0.595302,0.512464,-0.186257,-0.183985,-0.113015,-0.024568,0.298214,0.014333,-0.314795,0.360868,-0.010224,0.353747,0.365669,0.074796,0.302376,-0.096378,0.251104,-0.044016,0.698623,0.210113,-0.004574,-0.171331,0.431031,-0.149617,-0.019211,0.230595,0.209332
0.487236,0.313376,0.029008,0.142318,1,0.637626,0.150378,0.193966,0.006596,0.260338,0.326337,-0.087510,-0.083174,0.425708,0.104115,0.064217,0.246571,0.398895,0.359586,0.113131,-0.133784,-0.092038,0.165961,-0.174689,0.177287,0.374192,0.020556,0.114375,0.167056,0.111116,0.269727,0.232401,0.136504,0.505239,-0.029848,0.097372,0.107492,0.245575,-0.169711,0.133757,0.401763,-0.024520,0.250990,0.321175,-0.129188,0.342294,0.031802,0.158972,0.297133,-0.105846,0.162213
0.208450,0.426025,-0.032991,-0.013247,1,0.396223,0.128978,-0.051793,0.140463,0.284748,0.120895,0.004049,0.031469,0.232124,-0.028310,0.101814,-0.018338,-0.079442,0.125570,0.296770,0.136227,0.390989,0.020784,0.129431,-0.049149,0.200776,0.052695,0.331682,0.139477,0.254299,0.135178,0.096584,0.101037,0.116927,0.273290,-0.105681,-0.013218,0.367402,-0.231790,0.348986,0.065556,-0.083148,0.107796,0.306574,-0.139790,0.238047,-0.027054,0.028382,0.226040,0.222337,-0.204255
0.064808,0.154973,0.315159,0.035713,1,0.781527,1.252743,0.845376,-0.112598,0.466084,1.072466,-0.012380,0.121436,0.165735,0.331322,0.342742,1.216704,0.200600,-0.017651,0.551285,-0.035015,-0.416460,0.250515,1.035513,1.016672,0.356679,-0.133799,-0.059754,0.397458,-0.334651,1.075925,0.968911,0.086973,0.626277,-0.117653,-0.230602,0.609884,-0.042729,0.234952,0.786905,0.742391,0.170140,0.374633,0.573185,0.361360,0.595645,0.940524,-1.076917,0.337178,0.643929,0.470745
0.801610,-0.169214,0.005825,0.397726,4,0.936988,1.152461,0.159531,-0.084296,0.324529,1.987289,0.542465,1.062179,0.430411,0.042863,0.960154,1.622638,0.372979,0.789291,0.300019,0.589860,-0.168184,0.197546,0.861953,1.154790,0.159061,-0.331035,0.282399,-0.197923,-0.561502,0.617012,1.195147,0.268530,0.203468,0.325569,-0.263861,1.008937,-0.043669,0.844226,0.845936,0.503339,0.466259,0.407538,0.181347,0.157355,0.321810,1.225964,-0.617438,-0.180258,1.901295,0.901282
0.060931,0.229539,-0.095198,0.247086,4,0.718445,1.255448,0.634015,0.594263,1.177597,1.593467,0.305488,1.416170,-0.365811,0.019571,0.124721,2.107286,0.727244,0.127244,-0.151883,0.193459,-0.082480,0.188914,1.114338,1.576639,1.246295,-0.484929,0.836172,0.567043,0.010952,1.257484,1.915717,0.290407,1.033991,0.018335,0.176024,1.044793,0.555333,0.922509,1.062261,1.395950,-0.749455,1.448905,0.256366,0.315946,-0.395429,0.769274,-0.786776,0.689826,1.235341,0.729817
0.300020,0.263001,0.303722,0.275498,3,0.592595,1.142597,0.711606,0.195508,1.245955,0.003535,0.126560,0.411227,0.112364,-0.590150,0.384838,1.273222,0.286479,-0.204021,-0.330131,0.473826,0.228078,0.161852,0.625975,0.536648,0.625174,-0.379515,0.385600,0.712904,0.282014,1.271600,1.673187,-0.271917,0.393207,-0.431325,0.259606,0.812325,0.603230,0.443974,1.079902,0.863676,-0.101305,1.018632,1.130293,-0.498316,0.652668,0.391403,-0.676871,0.802599,0.366699,0.510689
0.473925,0.428628,0.241063,-0.028002,1,0.474814,0.543501,0.264098,0.223591,0.425941,-0.022912,-0.480140,0.222206,0.445638,-0.257780,0.407902,0.355589,0.338181,0.125049,0.511924,-0.217614,0.408984,0.164411,-0.007004,0.050076,0.191724,-0.063224,0.006686,0.293140,0.443628,0.473827,0.218825,0.159793,0.320484,-0.061747,-0.031761,0.249628,-0.052070,-0.126379,0.155684,0.387097,0.152285,0.368691,0.793281,-0.366706,0.573868,0.343476,-0.247546,0.210393,0.349961,0.126144
0.140631,0.363743,0.097936,-0.186309,1,0.513955,0.357120,-0.017482,0.242660,0.216094,0.434758,0.225970,0.403963,0.028232,-0.011483,0.051782,0.025651,-0.391634,0.101051,0.022774,0.203558,0.200351,0.217072,-0.381227,0.311409,0.501845,0.446268,0.217070,0.340779,0.189365,0.527785,0.106528,-0.116818,0.475108,0.150284,-0.049727,0.210823,0.453063,0.127032,0.213330,0.363137,-0.282459,0.180058,0.145867,-0.402891,0.564510,0.306040,0.036632,0.181511,-0.088913,-0.098527
0.432798,0.390271,0.138564,0.119239,1,0.377021,0.248771,0.161077,0.244536,0.200181,-0.100451,0.535602,0.675624,-0.065283,-0.293943,0.335460,0.378032,-0.153953,0.193478,0.251647,0.387034,0.089699,0.116435,-0.222795,0.036352,0.360427,-0.128602,0.043016,0.045775,-0.013867,0.339152,0.144098,0.198399,0.215229,0.084617,0.223804,0.251203,0.273849,0.130650,0.303104,0.098322,-0.241763,0.284791,0.362351,-0.125930,0.144053,0.115484,-0.038195,-0.148219,0.102225,-0.074928
0.073861,0.296381,0.156577,-0.080798,1,0.490042,0.211228,0.388411,0.110317,-0.019246,0.196221,0.147047,0.481047,0.051778,-0.046420,0.311510,0.387618,-0.203264,0.043160,-0.076756,0.030289,0.103711,0.262315,-0.069620,-0.067571,0.347198,-0.261135,0.142044,0.472500,-0.020972,0.342999,0.206273,0.193210,0.125204,-0.138380,0.388985,0.256362,0.272107,0.104970,0.091135,0.226200,-0.355920,0.395961,0.147839,-0.177219,0.061192,0.387469,0.171955,0.234427,-0.135365,-0.067546
0.242690,0.398981,0.076484,0.070593,1,0.349205,0.215827,0.171742,0.003492,0.099138,0.294443,0.189212,0.601574,-0.295962,0.105785,0.197517,0.353634,-0.265927,0.263676,0.035992,0.250662,0.111899,0.285145,0.048415,0.084666,0.097818,-0.056551,0.126471,0.397852,-0.044705,0.307442,0.047018,0.146999,0.052930,0.086161,0.259189,0.191188,0.200086,0.132409,-0.169904,0.239816,0.117357,0.424266,0.135125,-0.240778,-0.004778,0.348957,0.449002,0.061168,-0.102709,0.091457
0.363090,0.423567,0.103130,-0.073743,1,0.384861,0.233732,0.453726,0.157548,0.066737,-0.005084,-0.068664,0.161070,0.166606,0.206206,-0.004757,0.238721,-0.042467,-0.064311,0.228842,0.311749,0.236135,0.007518,0.052239,-0.202317,0.169976,0.200899,0.422298,0.032806,-0.020059,0.210043,0.024118,-0.075253,-0.112099,0.082638,0.389049,-0.082011,0.361148,-0.212070,0.335354,-0.043823,-0.005753,0.157365,0.317741,-0.161900,0.254706,0.282740,-0.100389,0.338202,0.193516,0.047209
0.408753,0.141714,-0.013896,0.249573,2,0.323597,0.224179,0.283229,0.230971,-0.227978,0.323695,0.322199,0.735604,-0.029959,0.051978,0.372589,0.134309,0.352627,0.297959,-0.184332,0.282302,-0.142634,0.253067,-0.575664,0.589991,0.317621,-0.157519,0.346918,0.563642,0.094841,0.162420,0.212352,-0.111893,0.051190,-0.130612,0.470207,0.142613,0.008057,0.380249,0.340068,0.176680,0.039978,0.007345,0.226308,0.031373,0.253473,-0.023094,0.250035,0.689344,-0.369794,-0.015134
0.349369,0.553627,-0.151692,0.386622,6,0.770993,0.830548,0.362479,0.016770,0.553309,1.432795,-0.146090,-0.061806,0.593023,0.367788,0.249960,0.603070,0.277068,0.385417,0.323238,-0.332043,0.107404,0.020000,0.372870,0.917424,0.687909,0.356220,0.183959,0.225218,-0.060166,0.702479,0.994696,0.107649,0.941751,-0.191589,-0.494395,0.624712,-0.185782,0.111100,0.824498,0.548706,0.134721,0.284771,0.309360,0.180580,0.493196,0.291418,-0.454126,0.061723,0.816234,-0.033557
0.659426,0.960283,-0.073367,0.075689,4,0.807102,1.206359,0.648122,0.032429,1.022217,1.561511,0.136902,0.525442,0.602053,-0.083310,-0.411032,1.356840,0.325691,0.184854,-0.142982,-0.608990,0.611534,-0.338670,1.005159,1.206423,0.953908,-0.135545,1.217220,0.916738,0.376715,1.067500,1.579488,0.736413,0.713393,0.331487,-0.457750,0.855862,-0.110100,0.820019,0.366442,1.178212,-0.258989,1.037753,0.301613,-0.142488,0.346197,0.207428,-0.889569,0.557501,1.017731,0.324818
0.954655,0.992284,0.166207,0.159672,5,0.476738,0.391433,0.692094,0.224534,0.962733,1.498886,0.421567,-0.057073,0.875959,0.838294,-0.585632,0.801933,0.717537,0.404969,0.356824,-0.136173,0.996697,-0.580222,1.400893,1.906380,1.275358,1.111751,2.056882,0.657259,0.072778,0.479022,1.997798,0.785867,0.763843,-0.185819,0.576656,0.046960,-0.369598,0.074157,1.779386,0.396490,-0.169968,0.137471,0.037420,0.413216,0.725918,0.389544,0.040131,0.462944,0.274111,0.156127
0.546251,0.662572,-0.049020,-0.025979,5,0.356839,0.345211,0.734174,0.131218,0.508412,0.322566,-0.018380,0.040158,0.069769,0.709203,-0.529253,0.131281,0.057430,0.260530,0.501116,0.008265,0.333359,0.006575,0.785061,0.800871,0.801159,0.363325,1.075416,0.493555,0.017161,0.207477,0.788418,0.163351,0.405029,0.198768,-0.007037,0.075126,-0.163355,-0.126398,0.461582,0.150815,0.078369,0.126495,0.014067,0.359843,0.084684,0.306862,0.060664,0.114880,0.185587,-0.031697
0.548799,0.320278,0.011775,0.281108,1,0.484556,0.410274,0.328554,-0.149809,0.363078,0.510259,0.253477,-0.068983,0.497828,0.279121,0.216437,0.241815,0.134870,0.474245,0.248653,-0.010396,0.719145,-0.069083,0.347665,0.180754,0.620605,0.424301,0.429326,-0.302188,0.049961,0.572947,-0.008151,0.039344,0.085574,0.036623,0.076963,0.421160,-0.344570,-0.515465,-0.220733,0.503718,-0.187569,0.142767,0.279167,0.374117,0.466791,0.050265,-0.485150,-0.041131,-0.219680,-0.029489
0.185241,0.328368,-0.054122,0.020084,6,0.458740,0.263299,0.180739,0.159282,0.048634,0.108631,0.310809,0.362749,0.017404,0.091370,0.341789,0.299969,-0.274094,0.081602,0.078925,0.042560,0.143044,0.371382,-0.136565,0.176854,0.206647,-0.004314,0.184248,0.252002,0.116759,0.110367,0.235211,0.056172,0.271698,0.073308,0.367428,0.312008,0.283716,-0.100588,0.126549,-0.048449,-0.252342,0.262627,0.037704,-0.159838,-0.062365,0.468536,0.159211,0.170548,-0.057128,-0.005885
0.294644,0.262461,-0.031122,-0.062439,6,0.378331,0.104823,0.182102,0.029772,-0.107474,0.234060,0.150150,0.219766,0.070459,0.005102,0.297239,0.187873,-0.319187,0.021954,-0.012437,0.035261,0.065501,0.297525,0.027627,0.174231,0.188750,-0.022162,0.289513,0.299732,0.038022,0.188449,0.181751,0.052993,0.075090,0.181086,0.326870,-0.042802,0.472542,0.058930,0.094965,-0.010529,-0.028519,0.250453,0.371622,-0.114518,0.123984,0.339159,0.409244,0.122822,0.059472,-0.050851
0.103899,0.294380,0.027976,0.035352,6,0.347428,0.250527,0.212639,0.124105,0.024550,0.278342,0.094055,0.530961,-0.175572,0.117080,0.434551,0.557563,0.045826,0.101837,0.191999,0.119054,0.343382,0.303489,-0.105397,0.230563,0.130991,-0.330109,-0.116416,0.300090,-0.109322,0.218604,0.155000,-0.113080,0.048247,-0.157290,0.245271,0.209171,0.042052,0.040331,-0.029872,-0.014488,-0.277184,0.077814,0.078789,0.047836,-0.115663,0.522040,0.264910,0.059616,0.134815,0.013377
1.020308,0.926446,0.095302,0.627995,5,0.318354,0.674095,0.719700,0.160625,0.949366,1.855165,0.327703,-0.081547,0.659815,0.785582,-0.260331,0.758199,0.059105,0.673307,0.820161,-0.246901,0.947998,-0.623080,0.794971,1.350345,1.046461,0.891553,1.382248,0.420951,-0.131310,0.982470,1.873928,0.333031,1.135904,0.113966,0.020734,0.466095,-0.332692,-0.044758,1.385199,0.655070,-0.090186,0.023556,0.474598,-0.084612,0.909338,0.761977,-0.447797,0.263594,0.834134,0.180530
0.430494,0.983363,0.040610,0.253457,4,0.449626,0.431519,0.431946,0.603349,0.854372,0.396705,-0.127076,-0.029455,0.633953,0.068221,-0.265517,0.041047,0.304436,0.134778,0.134100,0.000249,0.537229,-0.112314,0.970967,0.380841,0.877921,0.778930,0.555865,-0.098660,0.458213,0.681776,1.013593,0.241069,0.369681,-0.031585,0.200047,-0.176264,0.131098,0.022719,0.999881,0.458655,-0.521196,0.356144,0.417030,-0.169656,0.657898,0.474553,-0.253878,0.118498,0.076742,0.650608
0.427212,0.439970,-0.273369,0.151058,6,0.318023,0.448821,0.317810,0.332132,0.448679,0.276150,-0.048381,0.400357,0.171775,0.458823,0.015326,-0.078857,0.195318,0.369465,0.213407,-0.006836,0.161903,0.395577,0.430224,0.510143,0.411477,-0.157240,0.576581,0.512970,0.088846,-0.099317,0.522572,0.189852,0.328278,0.130023,0.085960,0.004506,0.179634,-0.009246,0.519058,0.113729,-0.220375,0.323592,0.167430,0.284378,0.086536,0.124362,0.122725,0.382417,-0.088234,0.018941
0.700294,0.531813,-0.070654,0.164018,1,0.436761,0.585274,0.559684,-0.262165,0.797216,0.338128,0.142640,-0.306684,0.575717,0.150958,-0.020457,0.170816,-0.079169,0.139105,0.572160,-0.033389,0.595002,0.197157,0.327665,0.124119,0.372842,0.643544,0.851718,0.075770,0.265704,0.590493,0.191371,0.180151,0.028434,0.412912,-0.083506,0.610209,-0.153837,-0.779716,-0.189100,0.223085,0.045497,0.195720,0.503374,-0.027261,0.321520,0.155476,-0.174637,0.146908,-0.063634,-0.089825
0.423371,0.066612,-0.199953,-0.070543,4,0.312155,0.360226,0.545933,0.029357,-0.276973,0.140050,0.298186,0.164351,0.045775,0.207822,0.496945,0.435167,0.043727,0.213744,0.050664,-0.049785,0.000628,0.202129,0.059794,0.686442,0.544006,-0.284439,0.043268,0.319588,-0.068064,0.347734,0.221031,0.104463,0.063548,-0.208002,0.264805,0.404465,-0.337201,0.155525,-0.056141,-0.036887,-0.052542,0.447820,0.011757,0.091005,-0.032569,0.308149,0.181243,0.200475,-0.160572,-0.253122
0.241649,0.315885,0.122787,-0.023600,3,0.318452,0.361789,0.083990,0.092879,0.102568,0.304823,0.034388,0.667527,-0.072501,0.347871,0.206023,0.428417,0.147473,0.353768,0.009669,0.121066,0.260231,0.194577,-0.367998,0.284399,0.261164,-0.122538,0.222637,0.310486,-0.019840,0.158929,0.261556,-0.201956,0.107457,-0.051130,0.527877,0.333168,0.173112,0.230040,0.064044,-0.027713,-0.276218,0.278546,-0.289298,-0.113309,0.025176,0.399690,0.109745,0.217155,0.207267,-0.108590
0.322917,0.220246,0.064608,0.080283,1,0.316600,0.213449,0.198398,-0.089078,0.141251,0.150684,-0.011019,0.171316,0.250714,0.253840,0.173568,0.096148,0.206450,0.241276,-0.138779,0.070269,0.124380,0.078543,0.147918,0.203438,0.284460,0.021440,0.032951,-0.048290,0.188924,0.161771,0.298665,-0.179530,0.035425,0.334128,-0.006211,-0.050993,0.118790,-0.227299,0.218898,0.074407,-0.122835,-0.081949,0.324243,0.173925,0.449613,0.184540,0.037810,0.315046,-0.050231,-0.078160
0.434561,0.014380,-0.265933,-0.232556,1,0.316954,0.889002,0.513005,0.226757,0.540773,0.144198,0.224997,0.619234,0.256870,0.414428,0.218160,0.739705,0.283534,0.578853,1.088073,0.080210,0.249108,0.742802,-0.036093,0.240459,0.403686,0.002110,0.837107,0.536317,0.528414,-0.023895,0.491644,0.070968,0.061095,0.669459,-0.168783,0.428490,-0.001643,0.466301,0.608487,0.042966,-0.116073,0.089613,0.167454,0.331634,0.374403,0.903825,-0.031437,0.575566,0.577424,0.074854
0.084752,0.346690,0.211415,-0.045931,0,0.377198,0.584288,0.660483,0.212410,0.381838,-0.068933,0.001915,0.051071,0.000520,0.570012,0.307031,0.452981,0.599201,0.464218,0.610390,0.041309,0.288797,0.048060,0.153360,0.139941,-0.032720,-0.506553,-0.104621,-0.103484,-0.049716,0.504569,0.279568,-0.088686,0.161753,0.047558,-0.206960,0.254889,-0.112357,-0.115458,0.056908,0.244272,0.088203,0.245037,0.174400,0.253942,-0.037496,0.269367,-0.357578,0.081442,0.492861,0.123083
0.635656,-0.083775,-0.244572,-0.083097,6,0.408007,0.601171,0.389102,-0.380727,0.180840,0.035897,0.146800,-0.093682,0.073778,0.173572,0.331149,0.250149,-0.060823,0.442791,0.525193,0.094948,0.403759,0.256339,0.320792,0.232943,-0.089701,0.315530,0.889813,-0.045917,0.610532,0.659372,-0.001107,0.294470,-0.150532,0.329495,-0.278213,0.237091,-0.038486,-0.245873,-0.106481,0.283093,0.029326,-0.208489,0.113239,-0.110982,0.185005,0.418723,-0.373508,0.127703,0.315990,-0.182433
0.225457,0.524003,0.013294,0.037196,4,0.467252,0.087919,0.215137,0.020259,0.013694,0.026239,0.154274,0.552313,0.315289,0.215810,0.588344,0.429047,0.151524,0.102017,0.290188,0.175917,0.165273,0.393316,-0.124404,0.423394,0.360178,0.169924,0.200712,0.162963,-0.066637,0.408262,0.515686,0.039090,0.280113,0.035210,0.016084,0.462866,-0.015935,0.034652,0.032802,0.100256,-0.143711,0.155712,0.066734,0.061143,0.254724,0.437944,0.308341,0.395609,-0.081828,-0.018695
0.202999,0.135464,0.091480,0.012243,4,0.407589,0.774549,0.127989,-0.046355,0.140391,0.257334,0.285439,0.314776,0.107899,0.154774,0.480977,0.521258,0.461753,0.311431,0.396821,-0.014568,0.000007,0.405364,-0.121406,0.406840,0.251837,-0.112086,-0.124039,-0.074053,0.043536,0.236003,0.001550,-0.141910,0.089090,-0.031777,-0.226623,0.261104,-0.104967,-0.006378,-0.069821,0.497519,0.006709,-0.085299,0.063731,0.037032,-0.097587,0.564479,0.015758,-0.056927,-0.113902,-0.035581
0.045610,0.279207,-0.037066,-0.062865,2,0.346173,0.243453,0.255634,0.184165,-0.084917,-0.110322,0.072651,0.432675,0.098418,-0.242276,0.513920,0.517494,0.020939,0.012418,0.029534,0.149577,0.215157,0.045243,-0.093666,0.013728,-0.180141,-0.347826,-0.104337,0.644586,0.025034,0.319194,0.359581,0.257003,0.188146,-0.097711,0.293026,0.405725,0.341571,0.246153,0.213702,0.466220,-0.020460,0.447275,-0.316236,-0.368041,0.258119,0.373150,-0.060602,0.203681,0.243329,0.142700
0.338488,0.279637,-0.003847,0.091260,6,0.373466,0.186071,0.413506,0.230449,0.085764,-0.018806,0.194661,0.407900,-0.026423,0.186376,0.382501,0.348495,-0.146876,0.191958,0.087201,-0.013701,0.073923,0.310009,0.149075,0.186452,0.209605,-0.240843,-0.022723,0.071058,-0.094222,0.257152,0.013925,-0.104917,0.134481,-0.199460,0.092916,0.179285,0.147300,0.051496,0.118178,0.127246,-0.086173,0.226044,0.168744,-0.028350,-0.022530,0.389756,0.188295,0.312347,0.009067,0.078847
0.130825,0.307651,0.131711,0.082458,1,0.331717,0.349730,-0.186053,0.099085,-0.055424,0.552194,0.210812,0.337206,0.179548,0.291326,0.198155,0.159595,-0.177566,0.172858,0.271918,0.215604,0.109470,0.169928,-0.245649,0.450109,0.484903,0.217273,0.084328,0.359446,0.076769,0.363041,0.298073,0.020750,0.580920,0.183923,0.293595,0.490232,0.223905,-0.017209,0.483837,0.397292,-0.344297,0.077681,-0.024181,-0.118957,0.471887,0.701087,-0.114353,0.098677,-0.039596,-0.088460
0.630199,0.444686,0.044987,0.063662,1,0.457310,1.108874,-0.398151,0.227099,0.423823,0.283586,0.003586,0.959719,0.418976,-0.437675,0.702402,0.134486,0.405619,0.653864,0.507332,-0.394164,0.162935,0.640382,0.128577,0.366581,-0.363830,-0.457716,0.802739,0.807020,0.239868,-0.657000,0.428058,0.107285,0.219557,-0.017752,-0.009917,0.751064,0.869361,0.250738,0.674571,0.847377,-0.357359,0.017825,0.655011,-0.323517,0.143289,0.551412,0.122616,0.189201,0.702083,1.019106
0.464209,0.325173,0.124375,0.210790,1,0.607672,0.887898,0.410495,-0.135523,0.158814,0.565637,0.016053,-0.083728,0.517110,0.065566,0.415830,0.289337,0.157742,0.344654,0.119026,-0.461956,0.078697,0.070573,0.038293,0.593552,0.440390,0.113942,0.234040,0.270016,0.160266,0.285699,0.435188,0.561141,0.538119,-0.135235,-0.536337,0.603038,-0.141657,0.007837,0.252814,0.706059,-0.124758,0.220008,0.337615,-0.004964,0.017997,0.144048,-0.529768,0.150221,0.514082,-0.286856
0.451190,-0.033367,-0.201105,0.157316,6,0.374455,0.255181,0.244597,-0.305139,0.210998,0.344897,0.001511,1.062537,-0.090218,0.169919,0.581639,0.361103,-0.185979,-0.025496,0.307904,-0.231576,0.192064,0.595598,0.233497,0.736427,0.175732,-0.399867,0.058592,0.041883,-0.276673,-0.075656,0.291628,-0.227075,-0.055587,0.271172,-0.320363,0.133947,0.481960,0.334058,0.539916,0.342176,0.213474,0.537341,0.846528,-0.289444,0.464586,0.553558,0.124787,0.766581,0.075853,0.334741
0.368721,0.321632,0.055898,0.235259,1,0.382794,0.290172,0.015841,0.155560,-0.054213,0.271901,0.071778,0.677821,0.004400,0.224027,0.012153,0.115041,-0.230776,0.064054,0.186200,0.329968,-0.068124,0.023783,-0.272238,0.150429,0.116741,0.290267,-0.185039,0.123130,-0.192838,0.286698,-0.116523,-0.031554,0.389524,0.246661,0.523609,0.070765,0.394588,0.283476,0.219202,0.033029,0.056436,0.327104,0.105118,-0.135370,0.795447,0.570388,-0.027070,0.111568,-0.012330,0.145616
0.223744,0.650897,0.004271,-0.146137,2,0.729566,0.052499,1.211527,0.352449,-0.187469,0.258950,0.478838,0.938627,0.052521,-0.063647,0.641142,0.512214,-0.386657,-0.015787,0.103905,0.304113,0.087083,1.141807,0.033748,0.976790,0.161809,-0.435919,0.783156,0.536303,0.273039,0.138726,0.389597,0.277252,-0.116983,0.044829,0.671093,1.089392,-0.296058,0.158572,-0.026768,0.265290,0.801934,0.454501,0.081851,-0.170436,0.605098,0.989302,0.541948,0.588231,0.713301,0.116820
0.620474,0.228707,0.375855,0.229828,0,0.507211,0.566962,0.502921,-0.473667,0.576462,-0.416123,0.230433,0.726675,0.526471,0.101326,0.627850,0.041540,0.466093,0.202305,0.939262,0.225194,0.460684,0.518625,0.512645,0.615301,0.175923,-0.180291,0.542821,0.302805,-0.311575,0.279963,0.232433,0.448111,0.095375,0.018991,-0.359320,0.695777,0.498696,0.137871,0.498257,0.226498,0.531757,0.947006,-0.059294,0.213180,0.191551,0.792314,-0.329185,0.307867,0.174128,0.544846
0.114586,0.334944,0.182764,0.056368,3,0.352566,0.510676,0.354701,0.214476,-0.102666,0.209702,0.107366,0.552210,-0.253258,0.320415,0.462222,0.452353,-0.065477,0.297837,0.046891,0.370243,0.212283,0.467497,-0.207186,0.452693,0.193242,-0.220723,0.217295,0.298113,0.023683,0.234714,-0.028288,-0.123395,0.047722,0.171041,0.348073,0.281712,0.044208,0.199088,0.054996,0.081634,-0.232906,0.329410,-0.144337,-0.079207,-0.127677,0.491446,0.021928,0.196010,0.290897,-0.055076
0.157948,0.388540,0.172037,0.353616,3,0.323971,0.280944,0.322745,0.144508,0.342085,0.337239,0.352873,0.718286,-0.215398,0.410790,0.695218,0.571417,0.436860,0.553108,0.041868,0.403931,0.226549,0.313510,-0.072924,0.451919,0.140973,-0.278619,0.119549,0.044001,0.188364,0.345948,0.162631,-0.194566,0.043858,0.203216,0.328461,0.364717,-0.054123,0.304000,0.146242,0.263570,0.068907,0.245442,0.124900,0.232375,-0.357783,0.267692,0.086306,0.205768,0.309472,-0.014641
0.786184,0.380412,-0.130618,-0.016173,4,0.610270,0.153225,0.281124,0.204199,-0.189057,0.133537,-0.049454,0.395155,0.512450,0.081824,-0.027339,0.331950,-0.893624,-0.431281,0.529900,-0.015405,0.007906,0.332315,0.181547,0.293835,-0.157777,-0.020590,0.111621,1.203657,0.018070,-0.085463,0.145520,0.243764,-0.064991,0.343356,-0.067523,0.261833,0.048598,0.080389,0.190507,-0.348566,0.004722,0.517086,0.915948,-0.300303,1.246086,0.983047,0.218396,0.963716,0.735999,-0.170985
0.967988,0.746435,-0.019134,0.146450,0,1.321504,2.061879,0.345896,0.243664,0.675686,0.607862,-0.913260,0.402061,1.051751,-1.105596,1.612179,1.214911,0.107569,1.349062,2.113997,-1.347680,0.881070,1.165499,-0.239214,0.397761,-0.873064,-1.292976,0.160043,1.561588,0.057066,0.361345,0.420201,-0.675839,0.740211,0.830179,-0.391048,1.919641,0.727133,-0.205183,-0.279055,0.435625,0.116238,0.532957,1.125413,-0.331728,0.294105,0.642158,-0.240693,0.876949,2.243586,1.067680
0.068705,0.284793,0.121292,0.077853,6,0.372752,0.173505,0.481308,0.111898,0.072139,0.204720,0.202805,0.376179,0.031917,0.175167,0.404222,0.414037,0.086472,0.155220,-0.042691,0.053255,0.172528,0.439988,-0.074559,0.140665,0.236794,-0.161501,0.120551,0.112584,0.113494,0.225006,0.152776,0.013969,-0.112699,-0.008966,0.232736,0.373592,0.083240,-0.056115,0.092506,0.081025,-0.230985,0.135385,0.127786,0.116526,-0.328808,0.438719,0.228584,0.350688,-0.118899,-0.111021
0.323492,0.338277,0.036963,-0.007490,1,0.685924,0.344241,0.229036,0.115569,-0.192099,-0.013688,-0.251750,0.318275,0.198700,-0.030477,-0.070870,0.326652,0.177660,0.348385,0.067003,-0.040228,-0.203542,0.287389,-0.159289,-0.020085,-0.099959,-0.012296,-0.002387,0.211329,-0.197932,0.217665,0.195901,0.078992,-0.191048,-0.064557,0.402164,0.075015,0.356746,0.063971,0.026940,0.208798,0.122370,-0.002757,0.219124,-0.092339,0.288313,0.377137,0.106024,0.255093,0.210732,0.082305
0.456482,0.275181,-0.060678,-0.016718,1,1.078886,0.629402,0.230859,0.926015,-0.042734,0.863210,-0.048890,0.609325,0.457430,-0.435480,0.373164,0.331130,-0.671448,0.743245,1.266486,-0.551393,-0.367260,0.775135,-0.380487,0.413479,-0.781537,-0.102473,-0.607865,1.191362,-0.079058,0.464205,0.128235,-0.193206,0.138818,0.334067,-0.130017,0.625988,0.474467,-0.012899,-0.091887,1.028040,0.207220,-0.297324,0.248888,-0.907145,0.309080,0.988939,0.094392,-0.349097,1.409001,1.170877
0.110200,0.336143,0.022704,-0.021826,1,0.305946,0.027823,0.324560,0.039594,-0.215181,0.039184,0.135214,0.366993,0.076382,0.038655,0.478042,0.430167,-0.010104,0.220823,0.111683,0.168949,0.355841,0.155115,0.056856,0.287499,0.103795,-0.277148,0.042675,0.486303,-0.044659,0.201571,0.181658,-0.013088,0.016196,-0.049891,0.425187,0.390691,-0.008911,0.124190,-0.087668,0.167944,-0.093955,0.093271,0.089758,0.194233,-0.155340,0.326431,0.066358,0.250372,-0.182469,-0.274067
0.274344,0.219096,0.149650,0.113480,6,0.354254,0.226818,0.316236,0.004075,0.047858,0.003373,0.280682,0.350414,-0.122112,0.243736,0.497769,0.255177,0.095140,0.166009,0.187306,0.319623,0.144020,0.431694,0.120071,0.167290,0.052956,-0.448492,0.039330,0.112427,0.120070,0.325634,0.342283,-0.129009,0.239879,0.171811,0.310007,0.280306,0.294821,0.107494,0.110419,0.151974,0.117115,0.151417,0.273515,-0.028231,-0.081808,0.380510,0.174093,-0.039762,0.256109,0.210420
0.299221,0.234685,0.041432,0.196185,2,0.404412,0.369926,0.301514,-0.189250,0.295312,0.104965,0.168492,0.237878,-0.218445,-0.218986,0.489702,0.475380,0.042001,0.427845,0.110964,0.428235,0.326907,0.319880,-0.205199,0.173759,0.196314,-0.237934,0.279152,0.186679,0.238589,0.453829,0.228581,0.124519,0.199157,0.542080,0.197445,0.268076,0.341418,0.253038,0.236719,0.152463,0.221750,0.529802,0.365025,-0.347465,0.094325,0.194534,0.407278,0.193265,0.341577,0.169098
0.395080,0.447354,-0.010999,-0.089812,1,0.607204,0.957448,0.090276,0.180772,-0.403325,0.597206,0.049550,0.520915,0.569652,0.550860,0.095027,0.659039,0.132922,0.480865,0.199374,-0.030204,-0.002384,0.275706,-0.449149,0.885629,0.082312,-0.099891,-0.443435,0.350874,-0.654936,0.238312,0.132657,-0.026124,0.570536,-0.421835,0.811522,0.661691,0.184997,0.248143,-0.062848,-0.042413,0.082468,0.188286,-0.303998,-0.029197,-0.336605,0.882762,-0.009244,0.046990,0.383698,-0.025741
-0.271610,0.343152,0.305840,0.202317,2,0.616687,-0.333528,0.635519,-0.015439,0.204315,0.683383,0.511297,0.425095,-0.097870,0.031680,0.341959,0.530093,-0.081215,0.211530,0.538752,0.184558,0.629519,0.346296,0.107007,0.833560,-0.033899,-0.242089,0.464769,0.818462,0.006091,1.072152,0.573372,0.392631,0.221405,-0.133162,0.048022,0.866277,-0.128028,0.645759,0.045703,0.610919,1.098059,0.663380,0.443909,0.415314,0.563972,0.651736,0.024336,0.054489,0.291436,-0.087502
0.358512,0.325179,0.180948,-0.191478,3,0.333303,0.457955,0.798824,0.179111,0.024632,0.046146,0.517070,0.916853,-0.230736,-0.263218,0.581147,0.585875,0.128904,0.187345,-0.145943,0.594292,0.143127,0.299232,-0.161097,0.527347,0.751751,-0.283580,0.172331,0.425393,0.003793,0.438894,0.544225,0.088765,0.294598,-0.133277,0.674226,0.791631,-0.036322,0.429070,0.057386,0.417364,-0.303668,0.602026,-0.013797,-0.291898,-0.012292,0.760157,0.543721,0.538024,-0.115844,0.412732
0.395863,0.492292,0.013464,-0.049387,4,0.309750,0.375679,0.322625,0.232024,0.028866,0.238788,0.464806,0.548318,-0.186891,0.330354,0.365436,0.437142,0.065971,0.469974,-0.094521,0.417484,0.216900,0.047517,0.096031,0.261916,0.426700,-0.110693,-0.034671,-0.025928,0.046648,0.273837,0.254990,-0.185807,0.046611,0.245865,0.206620,0.140118,-0.025629,0.307322,-0.175116,0.089759,0.019326,0.294888,-0.066139,-0.076032,-0.120272,0.555325,0.104587,-0.028450,0.459347,0.080594
0.719709,0.539022,0.094732,0.544509,2,0.461149,0.356963,1.132584,-0.030487,0.010208,0.385842,0.904175,1.163504,1.066705,0.094543,0.867778,0.622844,-0.415659,1.076539,0.592424,0.575478,0.275904,0.452613,0.725109,1.001150,-0.744781,-1.241932,0.845503,1.835571,-1.048258,0.103537,0.630261,0.776861,0.630526,1.079492,-0.453867,1.212023,0.353593,0.780298,-0.123620,-0.180368,1.239853,1.014621,-0.053451,0.377205,0.417288,-0.085940,0.432792,0.950157,2.160123,0.162782
0.546803,0.366524,0.100050,0.141323,3,0.355898,0.352508,0.659838,0.049944,-0.053825,0.125893,0.308492,0.288428,0.201034,0.043902,0.295878,0.273097,-0.172616,0.111228,-0.244904,0.378841,0.211562,0.070979,0.057092,0.425074,0.422873,-0.158721,-0.006127,-0.029395,-0.105723,0.500566,0.167145,-0.006664,0.226374,0.185793,0.440672,0.338542,0.321922,0.313921,-0.096766,0.078975,0.047315,0.536269,0.185343,-0.424860,0.068601,0.545960,0.384084,0.215322,0.180596,0.180596
0.298470,0.344169,0.076043,-0.059303,4,0.339847,0.429506,0.170704,0.108372,-0.218016,0.248369,-0.134648,0.397602,-0.017934,0.183635,0.207142,0.489733,0.160281,0.229253,0.120279,-0.089498,0.045060,0.095507,0.030582,0.437849,0.245586,-0.304806,-0.034884,0.255655,-0.155256,0.131065,0.190688,-0.095563,-0.003735,-0.226472,0.302232,0.203236,0.069692,0.309190,-0.076777,-0.027892,-0.272362,0.280300,-0.085257,0.033434,0.027485,0.534465,0.350972,0.242206,0.016347,0.044536
0.640745,0.235049,0.255096,-0.258122,6,1.190136,0.875695,-0.207261,0.482335,-0.151859,0.768306,-0.590348,1.043887,0.576991,-0.601919,0.245091,0.371460,-0.197458,0.971618,0.820733,-1.129999,-0.117353,0.726590,0.411582,0.784535,-0.973735,-1.085250,0.534249,1.116569,-0.081791,-0.468808,0.019932,0.031980,-0.276008,0.602481,-0.735252,0.056621,1.222087,0.454164,0.147252,0.580013,0.415025,-0.045252,0.701619,0.488698,0.493719,0.666834,0.045050,0.083559,1.459213,0.944607
0.575385,0.348074,0.701178,-0.114751,1,0.841440,0.837490,-0.600126,-0.134573,0.066926,0.328855,-0.024932,0.645968,1.189912,-0.457774,0.445439,-0.270775,-0.159165,0.598087,0.879294,-0.860842,-0.674577,0.927729,0.369094,1.007697,-1.030189,-0.898027,0.165650,1.321921,-0.602399,-0.081363,0.435596,0.207164,0.146143,-0.031590,-0.336857,0.692889,0.864754,0.469238,0.279228,0.116396,0.205918,-0.072422,0.678588,0.353775,0.887304,1.188177,-0.191626,-0.011756,1.698905,1.170411
0.170509,0.619671,0.252261,-0.180973,2,0.347045,0.336094,0.928659,0.039798,-0.102119,0.416179,0.417837,0.668256,0.042888,0.112393,0.593385,0.662190,0.279902,0.335899,0.163165,0.391047,0.360734,0.594983,-0.116694,0.983334,0.341876,-0.282648,0.620269,0.126488,0.085103,0.397489,0.313280,0.279512,-0.003731,-0.269141,0.674834,0.651179,-0.399031,0.295303,-0.077872,0.225723,0.718464,0.423188,-0.080840,0.110900,0.214222,0.551386,0.464188,0.320339,0.224070,0.126445
0.427854,0.502903,0.133335,0.079263,1,0.335676,0.434774,0.307043,0.244756,0.218194,0.178025,0.045967,0.216466,-0.030131,0.251611,0.131801,0.371929,0.141092,0.215744,0.268774,0.015617,0.219729,0.087973,-0.223140,0.330188,0.110841,-0.066564,-0.140737,0.136582,-0.171030,0.166068,0.000985,-0.007909,0.225348,-0.173728,0.223554,0.089817,0.168454,0.062894,-0.066226,0.079490,-0.114525,0.243550,0.102163,-0.072461,-0.036207,0.161919,0.116857,0.251669,0.191792,-0.101806
0.366583,0.286552,0.096675,-0.104279,1,0.374828,0.265394,0.336704,0.020271,-0.042153,0.180602,-0.039772,0.135854,-0.015259,0.206158,0.237832,0.337755,-0.026974,0.167233,0.042759,-0.204232,0.086044,0.183421,0.074717,0.503784,0.293143,-0.206196,0.075502,0.160466,-0.106921,0.260949,0.172679,-0.093781,-0.064922,-0.030424,0.172411,0.336238,0.007930,0.175061,-0.098019,0.086466,-0.271789,0.025154,0.180402,-0.043080,0.061707,0.491589,0.036246,0.242064,0.211217,-0.321927
0.416225,0.280087,-0.097070,0.002184,1,0.328255,0.365942,0.384241,0.197341,0.224548,0.141349,0.223148,0.403309,-0.109630,0.417864,0.496859,0.374613,0.075394,0.387269,0.029477,-0.119670,0.180189,0.358626,-0.012373,0.541357,0.071989,-0.352923,-0.299004,0.013443,-0.122939,0.216211,0.044059,-0.268061,-0.082126,-0.090822,0.051924,0.349893,-0.213813,-0.028454,-0.158621,0.224308,0.018585,0.097215,0.128031,-0.163095,-0.118124,0.364048,0.090606,0.271048,0.285953,-0.058930
